sample_rank,candidate_rank,full_name,html_url,stars,forks,language,size_kb,default_branch,matched_domains,commit_count_estimate,evidence_type,evidence_url,evidence_title,heading_count,headings,strict_important_ordinary_split_reviewed,module_component_organization_reviewed,broad_typed_or_structured_reviewed,both_strict_important_and_module_reviewed,both_broad_structure_and_module_reviewed,rich_evidence_found,rich_evidence_type,rich_evidence_url,rich_evidence_title,rich_evidence_score,rich_heading_count,rich_bullet_count,rich_text_len,rich_headings
1,4,vercel/next.js,https://github.com/vercel/next.js,140075,31229,JavaScript,2492726,canary,compiler,34391,github_release,https://github.com/vercel/next.js/releases/tag/v16.3.0-canary.56,v16.3.0-canary.56,3,v16.3.0-canary.56 | Misc Changes | Credits,no,no,yes,no,no,yes,github_release,https://github.com/vercel/next.js/releases/tag/v16.3.0-canary.52,v16.3.0-canary.52,39.5,4,13,1151,v16.3.0-canary.52 | Core Changes | Misc Changes | Credits
2,6,kubernetes/kubernetes,https://github.com/kubernetes/kubernetes,123073,43228,Go,1480083,master,kubernetes,138635,github_release,https://github.com/kubernetes/kubernetes/releases/tag/v1.36.2,v1.36.2,1,v1.36.2,yes,yes,yes,yes,yes,yes,repo_file,https://raw.githubusercontent.com/kubernetes/kubernetes/master/CHANGELOG/CHANGELOG-1.4.md,CHANGELOG/CHANGELOG-1.4.md,140,77,719,136717,"v1.4.12 | Downloads for v1.4.12 | Client Binaries | Server Binaries | Node Binaries | Changelog since v1.4.9 | Other notable changes | v1.4.9 | Downloads for v1.4.9 | Changelog since v1.4.8 | v1.4.8 | Downloads for v1.4.8 | Changelog since v1.4.7 | v1.4.7 | Downloads for v1.4.7 | Changelog since v1.4.6 | v1.4.6 | Downloads for v1.4.6 | Changelog since v1.4.5 | v1.4.5 | Downloads for v1.4.5 | Changelog since v1.4.4 | v1.4.4 | Downloads for v1.4.4 | Changelog since v1.4.3 | v1.4.3 | Downloads | Changelog since v1.4.2-beta.1 | v1.4.2 | v1.4.2-beta.1 | Changelog since v1.4.1 | v1.4.1 | Changelog since v1.4.1-beta.2 | v1.4.1-beta.2 | Changelog since v1.4.0 | v1.4.0 | Major Themes | Features | Known Issues | Notable Changes to Existing Behavior | Deployments | kubectl rolling-update: =v1.4.0 cluster | kubectl delete: =v1.4.0 cluster | DELETE operation in REST API | Action Required Before Upgrading | optionally, remove the old secret | Previous Releases Included in v1.4.0 | v1.4.0-beta.11 | Changelog since v1.4.0-beta.10 | v1.4.0-beta.10"
3,7,nodejs/node,https://github.com/nodejs/node,117822,35709,JavaScript,1498757,main,runtime,47137,github_release,https://github.com/nodejs/node/releases/tag/v26.3.0,"2026-06-01, Version 26.3.0 (Current), @aduh95",5,"2026-06-01, Version 26.3.0 (Current), @aduh95 | Notable Changes | Potential changes to macOS Universal Binary availability | Other notable changes | Commits",yes,yes,yes,yes,yes,yes,repo_file,https://raw.githubusercontent.com/nodejs/node/main/doc/changelogs/CHANGELOG_V4.md,doc/changelogs/CHANGELOG_V4.md,175,22,1376,250000,"Node.js 4 ChangeLog | 2018-03-29, Version 4.9.1 'Argon' (Maintenance), @MylesBorins | Notable Changes | 2018-03-28, Version 4.9.0 'Argon' (Maintenance), @MylesBorins | Commits | 2017-12-08, Version 4.8.7 'Argon' (Maintenance), @MylesBorins | 2017-11-07, Version 4.8.6 'Argon' (Maintenance), @MylesBorins | 2017-10-24, Version 4.8.5 'Argon' (Maintenance), @MylesBorins | 2017-07-11, Version 4.8.4 'Argon' (Maintenance), @MylesBorins | 2017-05-02, Version 4.8.3 'Argon' (Maintenance), @MylesBorins | 2017-04-04, Version 4.8.2 'Argon' (Maintenance), @MylesBorins | 2017-03-21, Version 4.8.1 'Argon' (LTS), @MylesBorins | 2017-02-21, Version 4.8.0 'Argon' (LTS), @MylesBorins | 2017-01-31, Version 4.7.3 'Argon' (LTS), @MylesBorins | 2017-01-05, Version 4.7.2 'Argon' (LTS), @MylesBorins | 2017-01-03, Version 4.7.1 'Argon' (LTS), @MylesBorins | 2016-12-06, Version 4.7.0 'Argon' (LTS), @thealphanerd | 2016-11-08, Version 4.6.2 'Argon' (LTS), @thealphanerd | 2016-10-18, Version 4.6.1 'Argon' (LTS), @rvagg | 2016-09-27, Version 4.6.0 'Argon' (LTS), @rvagg | 2016-08-15, Version 4.5.0 'Argon' (LTS), @thealphanerd | 2016-06-28, Version 4.4.7 'Argon' (LTS), @thealphanerd"
4,8,rust-lang/rust,https://github.com/rust-lang/rust,113932,14985,Rust,922406,main,compiler,329924,github_release,https://github.com/rust-lang/rust/releases/tag/1.96.0,Rust 1.96.0,9,Rust 1.96.0 | Language | Compiler | Libraries | Stabilized APIs | Cargo | Rustdoc | Compatibility Notes | Internal Changes,yes,yes,yes,yes,yes,yes,repo_file,https://raw.githubusercontent.com/rust-lang/rust/main/RELEASES.md,RELEASES.md,175,49,1772,250000,"Version 1.96.0 (2026-05-28) | Language | Compiler | Libraries | Stabilized APIs | Cargo | Rustdoc | Compatibility Notes | Internal Changes | Version 1.95.0 (2026-04-16) | Platform Support | Version 1.94.1 (2026-03-26) | Version 1.94.0 (2026-03-05) | Version 1.93.1 (2026-02-12) | Version 1.93.0 (2026-01-22) | Version 1.92.0 (2025-12-11) | Version 1.91.1 (2025-11-10) | Version 1.91.0 (2025-10-30) | Version 1.90.0 (2025-09-18) | Version 1.89.0 (2025-08-07) | Version 1.88.0 (2025-06-26) | Version 1.87.0 (2025-05-15) | Version 1.86.0 (2025-04-03) | Version 1.85.1 (2025-03-18) | Version 1.85.0 (2025-02-20) | Version 1.84.1 (2025-01-30) | Version 1.84.0 (2025-01-09) | Version 1.83.0 (2024-11-28) | Until now, paths into the sysroot were always prefixed with `/rustc/$hash` in diagnostics, codegen, backtrace, e.g. | note: Some details are omitted, run with `RUST_BACKTRACE=full` for a verbose backtrace. | Version 1.82.0 (2024-10-17) | Version 1.81.0 (2024-09-05) | Version 1.80.1 (2024-08-08) | Version 1.80.0 (2024-07-25) | Version 1.79.0 (2024-06-13) | Misc | Version 1.78.0 (2024-05-02) | Version 1.77.2 (2024-04-09) | Version 1.77.1 (2024-03-28) | Version 1.77.0 (2024-03-21) | Version 1.76.0 (2024-02-08) | Version 1.75.0 (2023-12-28) | Version 1.74.1 (2023-12-07) | Version 1.74.0 (2023-11-16) | Version 1.73.0 (2023-10-05) | Version 1.72.1 (2023-09-19) | Version 1.72.0 (2023-08-24) | Version 1.71.1 (2023-08-03) | Version 1.71.0 (2023-07-13)"
5,9,supabase/supabase,https://github.com/supabase/supabase,104418,12768,TypeScript,2387868,master,database,36902,github_release,https://github.com/supabase/supabase/releases/tag/v1.26.05,Developer Update - May 2026,10,Developer Update - May 2026 | Custom OAuth/OIDC providers for Supabase Auth | New tables in the public schema are no longer auto-exposed to the Data API | Supabase is now ISO 27001 certified | Stripe Sync Engine moves to Stripe | Supabase brand survey | @supabase/server | Quick Product Announcements | Made with Supabase | Community Highlights,no,yes,yes,no,yes,yes,repo_file,https://raw.githubusercontent.com/supabase/supabase/master/docker/CHANGELOG.md,docker/CHANGELOG.md,137.36,42,218,36585,Changelog | Unreleased | [2026-06-17] | Configuration | Documentation | Utils and tests | API gateway | Studio | PostgREST | Postgres Meta | Edge Runtime | Postgres | [2026-06-03] | Utils | Auth | Realtime | Storage | Supavisor | Analytics (Logflare) | [2026-04-27] | [2026-04-08] | imgproxy | [2026-03-16] | MCP Server | [2026-02-18] | [2026-02-16] | Vector | [2026-02-05] | [2026-01-27] | [2025-12-18] | [2025-12-10] | [2025-12-08] | [2025-11-26] | [2025-11-25] | [2025-11-17] | [2025-11-12] | [2025-11-05] | [2025-10-28] | [2025-10-27] | [2025-10-21] | [2025-10-13] | [2025-10-08]
6,11,bitcoin/bitcoin,https://github.com/bitcoin/bitcoin,89465,39003,C++,317599,master,cryptography,49335,github_release,https://github.com/bitcoin/bitcoin/releases/tag/v31.0,Bitcoin Core 31.0,1,Bitcoin Core 31.0,no,yes,yes,no,yes,yes,external_link_from_github_release,https://github.com/bitcoin/bitcoin/blob/master/doc/release-notes/release-notes-28.4.md,https://github.com/bitcoin/bitcoin/blob/master/doc/release-notes/release-notes-28.4.md,90.0,10,0,250000,"Navigation Menu | Search code, repositories, users, issues, pull requests... | Provide feedback | Saved searches | Use saved searches to filter your results more quickly | Files Expand file tree | Breadcrumbs | release-notes-28.4.md | Latest commit | History"
7,12,sveltejs/svelte,https://github.com/sveltejs/svelte,87301,4946,JavaScript,121364,main,compiler,11255,github_release,https://github.com/sveltejs/svelte/releases/tag/svelte%405.56.2,svelte@5.56.2,2,svelte@5.56.2 | Patch Changes,yes,no,yes,no,no,yes,repo_file,https://raw.githubusercontent.com/sveltejs/svelte/main/packages/svelte/CHANGELOG-pre-5.md,packages/svelte/CHANGELOG-pre-5.md,140,80,1558,182618,svelte | 4.2.3 | Patch Changes | 4.2.2 | 4.2.1 | 4.2.0 | Minor Changes | 4.1.2 | 4.1.1 | 4.1.0 | 4.0.5 | 4.0.4 | 4.0.3 | 4.0.2 | 4.0.1 | 4.0.0 | Major Changes | 4.0.0-next.3 | 4.0.0-next.2 | 4.0.0-next.1 | 4.0.0-next.0 | 3.59.2 | 3.59.1 | 3.59.0 | 3.58.0 | 3.57.0 | 3.56.0 | 3.55.1 | 3.55.0 | 3.54.0 | 3.53.1 | 3.53.0 | 3.52.0 | 3.51.0 | 3.50.1 | 3.50.0 | 3.49.0 | 3.48.0 | 3.47.0 | 3.46.6 | 3.46.5 | 3.46.4 | 3.46.3 | 3.46.2 | 3.46.1 | 3.46.0 | 3.45.0 | 3.44.3 | 3.44.2 | 3.44.1
8,16,elastic/elasticsearch,https://github.com/elastic/elasticsearch,77023,25837,Java,1665499,main,search-engine,101466,repo_file,https://raw.githubusercontent.com/elastic/elasticsearch/main/CHANGELOG.md,CHANGELOG.md,1,Elasticsearch Changelog,yes,yes,yes,yes,yes,yes,repo_file,https://raw.githubusercontent.com/elastic/elasticsearch/main/docs/release-notes/index.md,docs/release-notes/index.md,175,80,1512,250000,Elasticsearch release notes [elasticsearch-release-notes] | 9.4.2 [elasticsearch-9.4.2-release-notes] | Features and enhancements [elasticsearch-9.4.2-features-enhancements] | Fixes [elasticsearch-9.4.2-fixes] | 9.3.5 [elasticsearch-9.3.5-release-notes] | Features and enhancements [elasticsearch-9.3.5-features-enhancements] | Fixes [elasticsearch-9.3.5-fixes] | 9.4.1 [elasticsearch-9.4.1-release-notes] | Features and enhancements [elasticsearch-9.4.1-features-enhancements] | Fixes [elasticsearch-9.4.1-fixes] | 9.4.0 [elasticsearch-9.4.0-release-notes] | Highlights [elasticsearch-9.4.0-highlights] | Features and enhancements [elasticsearch-9.4.0-features-enhancements] | Fixes [elasticsearch-9.4.0-fixes] | 9.3.4 [elasticsearch-9.3.4-release-notes] | Features and enhancements [elasticsearch-9.3.4-features-enhancements] | Fixes [elasticsearch-9.3.4-fixes] | 9.2.8 [elasticsearch-9.2.8-release-notes] | Features and enhancements [elasticsearch-9.2.8-features-enhancements] | Fixes [elasticsearch-9.2.8-fixes] | 9.3.3 [elasticsearch-9.3.3-release-notes] | Features and enhancements [elasticsearch-9.3.3-features-enhancements] | Fixes [elasticsearch-9.3.3-fixes] | 9.2.7 [elasticsearch-9.2.7-release-notes] | Features and enhancements [elasticsearch-9.2.7-features-enhancements] | Fixes [elasticsearch-9.2.7-fixes] | 9.3.2 [elasticsearch-9.3.2-release-notes] | Features and enhancements [elasticsearch-9.3.2-features-enhancements] | Fixes [elasticsearch-9.3.2-fixes] | 9.2.6 [elasticsearch-9.2.6-release-notes] | Features and enhancements [elasticsearch-9.2.6-features-enhancements] | Fixes [elasticsearch-9.2.6-fixes] | 9.3.1 [elasticsearch-9.3.1-release-notes] | Features and enhancements [elasticsearch-9.3.1-features-enhancements] | Fixes [elasticsearch-9.3.1-fixes] | 9.3.0 [elasticsearch-9.3.0-release-notes] | Highlights [elasticsearch-9.3.0-highlights] | Features and enhancements [elasticsearch-9.3.0-features-enhancements] | Fixes [elasticsearch-9.3.0-fixes] | 9.2.5 [elasticsearch-9.2.5-release-notes] | Features and enhancements [elasticsearch-9.2.5-features-enhancements] | Fixes [elasticsearch-9.2.5-fixes] | 9.1.10 [elasticsearch-9.1.10-release-notes] | Features and enhancements [elasticsearch-9.1.10-features-enhancements] | Fixes [elasticsearch-9.1.10-fixes] | 9.2.4 [elasticsearch-9.2.4-release-notes] | Features and enhancements [elasticsearch-9.2.4-features-enhancements] | Fixes [elasticsearch-9.2.4-fixes] | 9.1.9 [elasticsearch-9.1.9-release-notes] | Features and enhancements [elasticsearch-9.1.9-features-enhancements]
9,17,redis/redis,https://github.com/redis/redis,74927,24675,C,213768,unstable,database;distributed-systems;message-queue,13134,github_release,https://github.com/redis/redis/releases/tag/8.6.4,8.6.4,2,8.6.4 | Bug fixes,yes,yes,yes,yes,yes,yes,github_release,https://github.com/redis/redis/releases/tag/8.8-rc1,8.8-RC1,151.15,11,75,8099,8.8-RC1 | Headlines: | Operating systems we test Redis 8.8 on | Security fixes (compared to 8.8-M03) | New Features (compared to 8.8-M03) | Removed Features (compared to 8.8-M03) | Bug fixes (compared to 8.8-M03) | Performance and resource utilization improvements (compared to 8.8-M03) | Configuration parameters | Metrics (compared to 8.8-M03) | CLI tools
10,19,grafana/grafana,https://github.com/grafana/grafana,74481,14071,TypeScript,1811477,main,monitoring,70112,github_release,https://github.com/grafana/grafana/releases/tag/v12.4.4,12.4.4,3,12.4.4 | Features and enhancements | Bug fixes,yes,yes,yes,yes,yes,yes,repo_file,https://raw.githubusercontent.com/grafana/grafana/main/CHANGELOG.md,CHANGELOG.md,175,80,1576,250000,12.3.6+security-04 (2026-05-12) | Bug fixes | 13.0.1+security-01 (2026-05-12) | 12.4.3+security-02 (2026-05-12) | 12.2.8+security-04 (2026-05-12) | 11.6.14+security-04 (2026-05-12) | 13.0.1 (2026-04-17) | Features and enhancements | 12.4.3 (2026-04-14) | 13.0.0 (2026-04-14) | Breaking changes | Plugin development fixes & changes | 12.3.6+security-01 (2026-03-25) | 12.2.8+security-01 (2026-03-25) | 12.1.10+security-01 (2026-03-25) | 11.6.14+security-01 (2026-03-25) | 12.4.2 (2026-03-25) | 12.3.6 (2026-03-25) | 12.2.8 (2026-03-25) | 12.1.10 (2026-03-25) | 11.6.14 (2026-03-25) | 12.4.1 (2026-03-09) | 12.3.5 (2026-03-09) | 12.2.7 (2026-03-09) | 12.1.9 (2026-03-09) | 11.6.13 (2026-03-09) | 12.4.0 (2026-02-24) | 12.3.4 (2026-02-24) | 12.2.6 (2026-02-24) | 12.1.8 (2026-02-24) | 11.6.12 (2026-02-24) | 11.6.11 (2026-02-12) | 12.0.10 (2026-02-12) | 12.1.7 (2026-02-12) | 12.2.5 (2026-02-12) | 12.3.3 (2026-02-12) | 12.3.2+security-01 (2026-02-11) | 12.2.4+security-01 (2026-02-11) | 12.1.6+security-01 (2026-02-11) | 11.6.10+security-01 (2026-02-11) | 12.3.2 (2026-01-27) | 12.2.4 (2026-01-27) | 12.1.6 (2026-01-27) | 12.0.9 (2026-01-27) | 11.6.10 (2026-01-27) | 12.3.1+security-01 (2026-01-27) | 12.2.3+security-01 (2026-01-27) | 12.1.5+security-01 (2026-01-27) | 12.0.8+security-01 (2026-01-27) | 11.6.9+security-01 (2026-01-27)
11,25,webpack/webpack,https://github.com/webpack/webpack,65842,9353,JavaScript,86181,main,compiler,18834,github_release,https://github.com/webpack/webpack/releases/tag/v5.107.2,v5.107.2,2,v5.107.2 | Patch Changes,no,no,yes,no,no,yes,repo_file,https://raw.githubusercontent.com/webpack/webpack/main/CHANGELOG.md,CHANGELOG.md,95.06,16,178,50918,webpack | 5.107.2 | Patch Changes | 5.107.1 | 5.107.0 | Minor Changes | 5.106.2 | 5.106.1 | 5.106.0 | 5.105.4 | 5.105.3 | 5.105.2 | 5.105.1 | 5.105.0 | 5.104.1 | 5.104.0
12,26,prometheus/prometheus,https://github.com/prometheus/prometheus,64565,10509,Go,283605,main,monitoring,17803,github_release,https://github.com/prometheus/prometheus/releases/tag/v3.5.4,3.5.4 / 2026-06-17,1,3.5.4 / 2026-06-17,no,no,yes,no,no,yes,repo_file,https://raw.githubusercontent.com/prometheus/prometheus/main/CHANGELOG.md,CHANGELOG.md,105,80,2433,230169,Changelog | 3.12.0 / 2026-05-28 | 3.11.3 / 2026-04-27 | 3.11.2 / 2026-04-13 | 3.11.1 / 2026-04-07 | 3.11.0 / 2026-04-02 | 3.10.0 / 2026-02-24 | 3.9.1 / 2026-01-07 | 3.9.0 / 2026-01-06 | 3.8.1 / 2025-12-16 | 3.8.0 / 2025-11-28 | 3.7.3 / 2025-10-29 | 3.7.2 / 2025-10-22 | 3.7.1 / 2025-10-16 | 3.7.0 / 2025-10-15 | 3.6.0 / 2025-09-17 | 3.5.0 / 2025-07-14 | 3.4.2 / 2025-06-26 | 3.4.1 / 2025-05-31 | 3.4.0 / 2025-05-17 | 3.3.0 / 2025-04-15 | 3.2.1 / 2025-02-25 | 3.2.0 / 2025-02-17 | 3.1.0 / 2025-01-02 | 3.0.1 / 2024-11-28 | 3.0.0 / 2024-11-14 | 2.53.5 / 2025-06-30 | 2.53.4 / 2025-03-18 | 2.53.3 / 2024-11-04 | 2.53.2 / 2024-08-09 | 2.55.1 / 2024-11-04 | 2.55.0 / 2024-10-22 | 2.54.1 / 2024-08-27 | 2.54.0 / 2024-08-09 | 2.53.1 / 2024-07-10 | 2.53.0 / 2024-06-16 | 2.52.1 / 2024-05-29 | 2.52.0 / 2024-05-07 | 2.51.2 / 2024-04-09 | 2.51.1 / 2024-03-27 | 2.51.0 / 2024-03-18 | 2.50.1 / 2024-02-26 | 2.50.0 / 2024-02-22 | 2.49.1 / 2024-01-15 | 2.49.0 / 2024-01-15 | 2.48.1 / 2023-12-07 | 2.48.0 / 2023-11-16 | 2.47.1 / 2023-10-04 | 2.47.0 / 2023-09-06 | 2.46.0 / 2023-07-25
13,28,traefik/traefik,https://github.com/traefik/traefik,63663,6043,Go,157822,master,kubernetes,6284,github_release,https://github.com/traefik/traefik/releases/tag/v3.7.5,v3.7.5,1,v3.7.5,no,yes,yes,no,yes,yes,repo_file,https://raw.githubusercontent.com/traefik/traefik/master/CHANGELOG.md,CHANGELOG.md,140,80,1505,250000,[v3.7.5](https://github.com/traefik/traefik/tree/v3.7.5) (2026-06-10) | [v3.6.21](https://github.com/traefik/traefik/tree/v3.6.21) (2026-06-10) | [v2.11.50](https://github.com/traefik/traefik/tree/v2.11.50) (2026-06-10) | [v3.7.4](https://github.com/traefik/traefik/tree/v3.7.4) (2026-06-05) | [v3.6.20](https://github.com/traefik/traefik/tree/v3.6.20) (2026-06-05) | [v2.11.49](https://github.com/traefik/traefik/tree/v2.11.49) (2026-06-05) | [v3.7.3](https://github.com/traefik/traefik/tree/v3.7.3) (2026-06-04) | [v3.6.19](https://github.com/traefik/traefik/tree/v3.6.19) (2026-06-04) | [v2.11.48](https://github.com/traefik/traefik/tree/v2.11.48) (2026-06-04) | [v3.7.2](https://github.com/traefik/traefik/tree/v3.7.2) (2026-06-03) | [v3.6.18](https://github.com/traefik/traefik/tree/v3.6.18) (2026-06-03) | [v2.11.47](https://github.com/traefik/traefik/tree/v2.11.47) (2026-06-03) | [v3.7.1](https://github.com/traefik/traefik/tree/v3.7.1) (2026-05-11) | [v3.6.17](https://github.com/traefik/traefik/tree/v3.6.17) (2026-05-11) | [v2.11.46](https://github.com/traefik/traefik/tree/v2.11.46) (2026-05-11) | [v3.7.0](https://github.com/traefik/traefik/tree/v3.7.0) (2026-05-05) | [v3.6.16](https://github.com/traefik/traefik/tree/v3.6.16) (2026-05-05) | [v2.11.45](https://github.com/traefik/traefik/tree/v2.11.45) (2026-05-05) | [v3.7.0-rc.3](https://github.com/traefik/traefik/tree/v3.7.0-rc.3) (2026-04-29) | [v3.6.15](https://github.com/traefik/traefik/tree/v3.6.15) (2026-04-29) | [v2.11.44](https://github.com/traefik/traefik/tree/v2.11.44) (2026-04-29) | [v3.7.0-rc.2](https://github.com/traefik/traefik/tree/v3.7.0-rc.2) (2026-04-22) | [v3.6.14](https://github.com/traefik/traefik/tree/v3.6.14) (2026-04-22) | [v2.11.43](https://github.com/traefik/traefik/tree/v2.11.43) (2026-04-22) | [v3.7.0-rc.1](https://github.com/traefik/traefik/tree/v3.7.0-rc.1) (2026-04-07) | [v3.6.13](https://github.com/traefik/traefik/tree/v3.6.13) (2026-04-07) | [v3.7.0-ea.3](https://github.com/traefik/traefik/tree/v3.7.0-ea.3) (2026-03-26) | [v3.6.12](https://github.com/traefik/traefik/tree/v3.6.12) (2026-03-26) | [v3.7.0-ea.2](https://github.com/traefik/traefik/tree/v3.7.0-ea.2) (2026-03-19) | [v3.6.11](https://github.com/traefik/traefik/tree/v3.6.11) (2026-03-19) | [v2.11.42](https://github.com/traefik/traefik/tree/v2.11.42) (2026-03-26) | [v2.11.41](https://github.com/traefik/traefik/tree/v2.11.41) (2026-03-18) | [v3.7.0-ea.1](https://github.com/traefik/traefik/tree/v3.7.0-ea.1) (2026-03-11) | [v3.6.10](https://github.com/traefik/traefik/tree/v3.6.10) (2026-03-06) | [v2.11.40](https://github.com/traefik/traefik/tree/v2.11.40) (2026-03-06) | [v2.11.39](https://github.com/traefik/traefik/tree/v2.11.39) (2026-03-06) | [v3.6.9](https://github.com/traefik/traefik/tree/v3.6.9) (2026-02-23) | [v2.11.38](https://github.com/traefik/traefik/tree/v2.11.38) (2026-02-23) | [v3.6.8](https://github.com/traefik/traefik/tree/v3.6.8) (2026-02-11) | [v2.11.37](https://github.com/traefik/traefik/tree/v2.11.37) (2026-02-11) | [v2.11.36](https://github.com/traefik/traefik/tree/v2.11.36) (2026-02-02) | [v3.6.7](https://github.com/traefik/traefik/tree/v3.6.7) (2026-01-14) | [v2.11.35](https://github.com/traefik/traefik/tree/v2.11.35) (2026-01-14) | [v3.6.6](https://github.com/traefik/traefik/tree/v3.6.6) (2025-12-29) | [v2.11.34](https://github.com/traefik/traefik/tree/v2.11.34) (2025-12-23) | [v2.11.33](https://github.com/traefik/traefik/tree/v2.11.33) (2025-12-17) | [v3.6.5](https://github.com/traefik/traefik/tree/v3.6.5) (2025-12-16) | [v3.6.4](https://github.com/traefik/traefik/tree/v3.6.4) (2025-12-05) | [v3.6.3](https://github.com/traefik/traefik/tree/v3.6.3) (2025-12-04) | [v2.11.32](https://github.com/traefik/traefik/tree/v2.11.32) (2025-12-04)
14,30,FuelLabs/sway,https://github.com/FuelLabs/sway,61621,5420,Rust,117375,master,compiler,3624,github_release,https://github.com/FuelLabs/sway/releases/tag/v0.71.2,v0.71.2,2,v0.71.2 | What's Changed,yes,no,yes,no,no,yes,github_release,https://github.com/FuelLabs/sway/releases/tag/v0.71.0,v0.71.0,93.82,4,45,5483,v0.71.0 | What's Changed | Breaking Changes | New Contributors
15,31,withastro/astro,https://github.com/withastro/astro,60255,3548,TypeScript,227925,main,server,14582,github_release,https://github.com/withastro/astro/releases/tag/astro%406.4.7,astro@6.4.7,2,astro@6.4.7 | Patch Changes,no,no,yes,no,no,yes,repo_file,https://raw.githubusercontent.com/withastro/astro/main/scripts/CHANGELOG.md,scripts/CHANGELOG.md,69.17,15,24,3190,astro-scripts | 0.0.14 | Patch Changes | 0.0.13 | 0.0.12 | 0.0.11 | 0.0.10 | 0.0.10-beta.1 | 0.0.10-beta.0 | 0.0.9 | 0.0.8 | 0.0.7 | 0.0.6 | 0.0.5 | 0.0.4
16,35,meilisearch/meilisearch,https://github.com/meilisearch/meilisearch,58161,2571,Rust,90138,main,database;search-engine,14259,github_release,https://github.com/meilisearch/meilisearch/releases/tag/v1.47.0,v1.47.0 🦇,11,v1.47.0 🦇 | 🌈 Enhancements | Search personalization on federated search | The new settings indexer is feature complete 🎉 | Observability improvements | 🦋 Fixes | 🔒 Security | 🔩 Misc. changes | Search implementation refactor | Other changes | New Contributors,yes,yes,yes,yes,yes,yes,github_release,https://github.com/meilisearch/meilisearch/releases/tag/v1.47.0,v1.47.0 🦇,126.96,11,15,3664,v1.47.0 🦇 | 🌈 Enhancements | Search personalization on federated search | The new settings indexer is feature complete 🎉 | Observability improvements | 🦋 Fixes | 🔒 Security | 🔩 Misc. changes | Search implementation refactor | Other changes | New Contributors
17,36,coollabsio/coolify,https://github.com/coollabsio/coolify,57109,4791,PHP,70057,v4.x,server,15887,github_release,https://github.com/coollabsio/coolify/releases/tag/v4.1.2,v4.1.2,6,v4.1.2 | What's Changed | Security & Fixes | New Services & Templates | Improvements | New Contributors,yes,no,yes,no,no,yes,github_release,https://github.com/coollabsio/coolify/releases/tag/v4.1.0,v4.1.0,108.36,7,75,8944,v4.1.0 | Features | Fixes | Improvements | Breaking Changes | What's Changed | New Contributors
18,38,koala73/worldmonitor,https://github.com/koala73/worldmonitor,56671,9071,TypeScript,106569,main,monitoring,4309,github_release,https://github.com/koala73/worldmonitor/releases/tag/v2.5.23,World Monitor v2.5.23,2,World Monitor v2.5.23 | What's Changed,yes,yes,yes,yes,yes,yes,repo_file,https://raw.githubusercontent.com/koala73/worldmonitor/main/CHANGELOG.md,CHANGELOG.md,173.28,36,460,56356,Changelog | [Unreleased] | Changed | Added | Security | Fixed | [2.6.1] - 2026-03-11 | Highlights | [2.6.0] - 2026-03-09 | [2.5.25] - 2026-03-04 | [2.5.24] - 2026-03-03 | Performance | [2.5.21] - 2026-03-01 | [2.5.20] - 2026-02-27 | [2.5.10] - 2026-02-26 | [2.5.6] - 2026-02-23 | [2.5.2] - 2026-02-21 | [2.5.1] - 2026-02-20 | [2.5.0] - 2026-02-20 | [2.4.1] - 2026-02-19 | [2.4.0] - 2026-02-19 | [2.3.9] - 2026-02-18 | [2.3.8] - 2026-02-17 | [2.3.7] - 2026-02-16 | [2.3.6] - 2026-02-16 | [2.3.5] - 2026-02-16 | [2.3.4] - 2026-02-16 | [2.3.3] - 2026-02-16 | [2.3.0] - 2026-02-15 | [2.2.6] - 2026-02-14 | Docs | [2.2.5] - 2026-02-13 | [2.2.3] - 2026-02-12 | [2.2.2] - 2026-02-10 | [2.2.1] - 2026-02-08 | [2.2.0] - 2026-02-07
19,40,go-gitea/gitea,https://github.com/go-gitea/gitea,56355,6804,Go,338669,main,devops,21010,github_release,https://github.com/go-gitea/gitea/releases/tag/v1.26.2,v1.26.2,1,v1.26.2,no,yes,yes,no,yes,yes,repo_file,https://raw.githubusercontent.com/go-gitea/gitea/main/CHANGELOG.md,CHANGELOG.md,140,57,4151,250000,Changelog | [1.26.2](https://github.com/go-gitea/gitea/releases/tag/1.26.2) - 2026-05-20 | [1.26.1](https://github.com/go-gitea/gitea/releases/tag/v1.26.1) - 2026-04-21 | [1.26.0](https://github.com/go-gitea/gitea/releases/tag/v1.26.0) - 2026-04-17 | [1.25.5](https://github.com/go-gitea/gitea/releases/tag/v1.25.5) - 2026-03-10 | [1.25.4](https://github.com/go-gitea/gitea/releases/tag/v1.25.4) - 2026-01-15 | [1.25.3](https://github.com/go-gitea/gitea/releases/tag/v1.25.3) - 2025-12-17 | [1.25.2](https://github.com/go-gitea/gitea/releases/tag/v1.25.2) - 2025-11-23 | [1.25.1](https://github.com/go-gitea/gitea/releases/tag/v1.25.1) - 2025-11-03 | [1.25.0](https://github.com/go-gitea/gitea/releases/tag/v1.25.0) - 2025-10-30 | [1.24.7](https://github.com/go-gitea/gitea/releases/tag/v1.24.7) - 2025-10-24 | [1.24.6](https://github.com/go-gitea/gitea/releases/tag/v1.24.6) - 2025-09-10 | [1.24.5](https://github.com/go-gitea/gitea/releases/tag/v1.24.5) - 2025-08-12 | [1.24.4](https://github.com/go-gitea/gitea/releases/tag/v1.24.4) - 2025-08-03 | [1.24.3](https://github.com/go-gitea/gitea/releases/tag/v1.24.3) - 2025-07-15 | [1.24.2](https://github.com/go-gitea/gitea/releases/tag/v1.24.2) - 2025-06-20 | [1.24.1](https://github.com/go-gitea/gitea/releases/tag/v1.24.1) - 2025-06-18 | [1.24.0](https://github.com/go-gitea/gitea/releases/tag/v1.24.0) - 2025-05-26 | [1.23.8](https://github.com/go-gitea/gitea/releases/tag/v1.23.8) - 2025-05-11 | [1.23.7](https://github.com/go-gitea/gitea/releases/tag/v1.23.7) - 2025-04-07 | [1.23.6](https://github.com/go-gitea/gitea/releases/tag/v1.23.6) - 2025-03-24 | [1.23.5](https://github.com/go-gitea/gitea/releases/tag/v1.23.5) - 2025-03-04 | [1.23.4](https://github.com/go-gitea/gitea/releases/tag/v1.23.4) - 2025-02-16 | [1.23.3](https://github.com/go-gitea/gitea/releases/tag/v1.23.3) - 2025-02-06 | [1.23.2](https://github.com/go-gitea/gitea/releases/tag/v1.23.2) - 2025-02-04 | [1.23.1](https://github.com/go-gitea/gitea/releases/tag/v1.23.1) - 2025-01-09 | [1.23.0](https://github.com/go-gitea/gitea/releases/tag/v1.23.0) - 2025-01-08 | [1.22.6](https://github.com/go-gitea/gitea/releases/tag/v1.22.6) - 2024-12-12 | [1.22.5](https://github.com/go-gitea/gitea/releases/tag/v1.22.5) - 2024-12-11 | [1.22.4](https://github.com/go-gitea/gitea/releases/tag/v1.22.4) - 2024-11-14 | [1.22.3](https://github.com/go-gitea/gitea/releases/tag/v1.22.3) - 2024-10-08 | [1.22.2](https://github.com/go-gitea/gitea/releases/tag/v1.22.2) - 2024-08-28 | [1.22.1](https://github.com/go-gitea/gitea/releases/tag/v1.22.1) - 2024-07-04 | [1.22.0](https://github.com/go-gitea/gitea/releases/tag/v1.22.0) - 2024-05-27 | [1.21.11](https://github.com/go-gitea/gitea/releases/tag/v1.21.11) - 2024-04-07 | [1.21.10](https://github.com/go-gitea/gitea/releases/tag/v1.21.10) - 2024-03-25 | [1.21.9](https://github.com/go-gitea/gitea/releases/tag/v1.21.9) - 2024-03-21 | [1.21.8](https://github.com/go-gitea/gitea/releases/tag/v1.21.8) - 2024-03-12 | [1.21.7](https://github.com/go-gitea/gitea/releases/tag/v1.21.7) - 2024-02-26 | [1.21.6](https://github.com/go-gitea/gitea/releases/tag/v1.21.6) - 2024-02-22 | [1.21.5](https://github.com/go-gitea/gitea/releases/tag/v1.21.5) - 2024-01-31 | [1.21.4](https://github.com/go-gitea/gitea/releases/tag/v1.21.4) - 2024-01-16 | [1.21.3](https://github.com/go-gitea/gitea/releases/tag/v1.21.3) - 2023-12-21 | [1.21.2](https://github.com/go-gitea/gitea/releases/tag/v1.21.2) - 2023-12-12 | [1.21.1](https://github.com/go-gitea/gitea/releases/tag/v1.21.1) - 2023-11-26 | [1.21.0](https://github.com/go-gitea/gitea/releases/tag/v1.21.0) - 2023-11-14 | [1.20.5](https://github.com/go-gitea/gitea/releases/tag/v1.20.5) - 2023-10-03 | [1.20.4](https://github.com/go-gitea/gitea/releases/tag/v1.20.4) - 2023-09-08 | [1.20.3](https://github.com/go-gitea/gitea/releases/tag/v1.20.3) - 2023-08-20 | [1.20.2](https://github.com/go-gitea/gitea/releases/tag/v1.20.2) - 2023-07-29
20,41,gatsbyjs/gatsby,https://github.com/gatsbyjs/gatsby,55938,10167,JavaScript,1149713,master,compiler,21866,github_release,https://github.com/gatsbyjs/gatsby/releases/tag/gatsby%405.16.0,gatsby@5.16.0,7,gatsby@5.16.0 | What's Changed | React 19 | Upgrade Guide | New features | Node.js 24 | Notable bugfixes & improvements,no,yes,yes,no,yes,yes,repo_file,https://raw.githubusercontent.com/gatsbyjs/gatsby/master/packages/gatsby/CHANGELOG.md,packages/gatsby/CHANGELOG.md,140,80,1068,250000,Changelog: `gatsby` | [5.16.1](https://github.com/gatsbyjs/gatsby/commits/gatsby@5.16.1/packages/gatsby) (2026-02-10) | Bug Fixes | [5.16.0](https://github.com/gatsbyjs/gatsby/commits/gatsby@5.16.0/packages/gatsby) (2026-01-26) | Features | Other Changes | [5.15.0](https://github.com/gatsbyjs/gatsby/commits/gatsby@5.15.0/packages/gatsby) (2025-08-27) | Chores | [5.14.6](https://github.com/gatsbyjs/gatsby/commits/gatsby@5.14.6/packages/gatsby) (2025-08-06) | [5.14.5](https://github.com/gatsbyjs/gatsby/commits/gatsby@5.14.5/packages/gatsby) (2025-06-20) | [5.14.4](https://github.com/gatsbyjs/gatsby/commits/gatsby@5.14.4/packages/gatsby) (2025-06-06) | [5.14.3](https://github.com/gatsbyjs/gatsby/commits/gatsby@5.14.3/packages/gatsby) (2025-04-09) | [5.14.2](https://github.com/gatsbyjs/gatsby/commits/gatsby@5.14.2/packages/gatsby) (2025-04-07) | [5.14.1](https://github.com/gatsbyjs/gatsby/commits/gatsby@5.14.1/packages/gatsby) (2024-12-20) | [5.14.0](https://github.com/gatsbyjs/gatsby/commits/gatsby@5.14.0/packages/gatsby) (2024-11-06) | Performance Improvements | [5.13.7](https://github.com/gatsbyjs/gatsby/commits/gatsby@5.13.7/packages/gatsby) (2024-07-12) | [5.13.6](https://github.com/gatsbyjs/gatsby/commits/gatsby@5.13.6/packages/gatsby) (2024-05-29) | [5.13.5](https://github.com/gatsbyjs/gatsby/commits/gatsby@5.13.5/packages/gatsby) (2024-05-17) | [5.13.4](https://github.com/gatsbyjs/gatsby/commits/gatsby@5.13.4/packages/gatsby) (2024-04-10) | [5.13.3](https://github.com/gatsbyjs/gatsby/commits/gatsby@5.13.3/packages/gatsby) (2024-01-25) | [5.13.2](https://github.com/gatsbyjs/gatsby/commits/gatsby@5.13.2/packages/gatsby) (2024-01-23) | [5.13.1](https://github.com/gatsbyjs/gatsby/commits/gatsby@5.13.1/packages/gatsby) (2023-12-22) | [5.13.0](https://github.com/gatsbyjs/gatsby/commits/gatsby@5.13.0/packages/gatsby) (2023-12-18) | [5.12.12](https://github.com/gatsbyjs/gatsby/commits/gatsby@5.12.12/packages/gatsby) (2023-12-07) | [5.12.11](https://github.com/gatsbyjs/gatsby/commits/gatsby@5.12.11/packages/gatsby) (2023-11-22) | [5.12.10](https://github.com/gatsbyjs/gatsby/commits/gatsby@5.12.10/packages/gatsby) (2023-11-21) | [5.12.9](https://github.com/gatsbyjs/gatsby/commits/gatsby@5.12.9/packages/gatsby) (2023-10-26) | [5.12.8](https://github.com/gatsbyjs/gatsby/commits/gatsby@5.12.8/packages/gatsby) (2023-10-20) | [5.12.7](https://github.com/gatsbyjs/gatsby/commits/gatsby@5.12.7/packages/gatsby) (2023-10-17) | [5.12.6](https://github.com/gatsbyjs/gatsby/commits/gatsby@5.12.6/packages/gatsby) (2023-10-09) | [5.12.5](https://github.com/gatsbyjs/gatsby/commits/gatsby@5.12.5/packages/gatsby) (2023-09-27) | [5.12.4](https://github.com/gatsbyjs/gatsby/commits/gatsby@5.12.4/packages/gatsby) (2023-09-05) | [5.12.3](https://github.com/gatsbyjs/gatsby/commits/gatsby@5.12.3/packages/gatsby) (2023-08-28) | [5.12.2](https://github.com/gatsbyjs/gatsby/commits/gatsby@5.12.2/packages/gatsby) (2023-08-28) | [5.12.1](https://github.com/gatsbyjs/gatsby/commits/gatsby@5.12.1/packages/gatsby) (2023-08-24) | [5.12.0](https://github.com/gatsbyjs/gatsby/commits/gatsby@5.12.0/packages/gatsby) (2023-08-24) | [5.11.0](https://github.com/gatsbyjs/gatsby/commits/gatsby@5.11.0/packages/gatsby) (2023-06-15) | [5.10.0](https://github.com/gatsbyjs/gatsby/commits/gatsby@5.10.0/packages/gatsby) (2023-05-16) | [5.9.1](https://github.com/gatsbyjs/gatsby/commits/gatsby@5.9.1/packages/gatsby) (2023-05-09) | [5.9.0](https://github.com/gatsbyjs/gatsby/commits/gatsby@5.9.0/packages/gatsby) (2023-04-18) | [5.8.1](https://github.com/gatsbyjs/gatsby/commits/gatsby@5.8.1/packages/gatsby) (2023-03-29) | [5.8.0](https://github.com/gatsbyjs/gatsby/commits/gatsby@5.8.0/packages/gatsby) (2023-03-21) | [5.7.0](https://github.com/gatsbyjs/gatsby/commits/gatsby@5.7.0/packages/gatsby) (2023-02-21) | [5.6.1](https://github.com/gatsbyjs/gatsby/commits/gatsby@5.6.1/packages/gatsby) (2023-02-16) | [5.6.0](https://github.com/gatsbyjs/gatsby/commits/gatsby@5.6.0/packages/gatsby) (2023-02-07) | [5.5.0](https://github.com/gatsbyjs/gatsby/commits/gatsby@5.5.0/packages/gatsby) (2023-01-24) | [5.4.2](https://github.com/gatsbyjs/gatsby/commits/gatsby@5.4.2/packages/gatsby) (2023-01-17) | [5.4.1](https://github.com/gatsbyjs/gatsby/commits/gatsby@5.4.1/packages/gatsby) (2023-01-13) | [5.4.0](https://github.com/gatsbyjs/gatsby/commits/gatsby@5.4.0/packages/gatsby) (2023-01-10)
21,44,JetBrains/kotlin,https://github.com/JetBrains/kotlin,52875,6337,Kotlin,4868913,master,compiler;programming-language,138412,github_release,https://github.com/JetBrains/kotlin/releases/tag/v2.4.0,Kotlin 2.4.0,59,Kotlin 2.4.0 | Changelog | Analysis API | Analysis API. Code Compilation | Analysis API. FIR | Analysis API. Infrastructure | Fixes | Analysis API. Light Classes | Analysis API. PSI | Analysis API. Providers and Caches | Analysis API. Standalone | Analysis API. Stubs and Decompilation | Analysis API. Surface | New Features | Backend. J2KLIB | Backend. Native. Debug | Backend. Wasm | Compiler | Performance Improvements | Compose compiler | IR. Actualizer | IR. Inlining | IR. Interpreter | IR. Tree | JVM. Reflection | JavaScript | Klibs | Language Design | Libraries | Native | Native. Build Infrastructure | Native. C Export | Native. C and ObjC Import | Native. ObjC Export | Native. Runtime | Native. Runtime. Memory | Native. Swift Export | Tools. BCV | Tools. Build Tools API | Tools. CLI,no,yes,yes,no,yes,yes,github_release,https://github.com/JetBrains/kotlin/releases/tag/v2.4.0,Kotlin 2.4.0,139.41,59,709,96040,Kotlin 2.4.0 | Changelog | Analysis API | Analysis API. Code Compilation | Analysis API. FIR | Analysis API. Infrastructure | Fixes | Analysis API. Light Classes | Analysis API. PSI | Analysis API. Providers and Caches | Analysis API. Standalone | Analysis API. Stubs and Decompilation | Analysis API. Surface | New Features | Backend. J2KLIB | Backend. Native. Debug | Backend. Wasm | Compiler | Performance Improvements | Compose compiler | IR. Actualizer | IR. Inlining | IR. Interpreter | IR. Tree | JVM. Reflection | JavaScript | Klibs | Language Design | Libraries | Native | Native. Build Infrastructure | Native. C Export | Native. C and ObjC Import | Native. ObjC Export | Native. Runtime | Native. Runtime. Memory | Native. Swift Export | Tools. BCV | Tools. Build Tools API | Tools. CLI | Tools. CLI. Native | Tools. Compiler Plugin API | Tools. Compiler Plugins | Tools. Compiler plugins. Serialization | Tools. Gradle | Tools. Gradle. BCV | Tools. Gradle. Compiler plugins | Tools. Gradle. Dokka | Tools. Gradle. JS | Tools. Gradle. Multiplatform
22,45,etcd-io/etcd,https://github.com/etcd-io/etcd,51850,10396,Go,97681,main,database;distributed-systems;kubernetes,24949,github_release,https://github.com/etcd-io/etcd/releases/tag/v3.7.0-rc.0,v3.7.0-rc.0,10,"v3.7.0-rc.0 | Linux | choose either URL | start a local etcd server | write,read to etcd | macOS (Darwin) | Docker | /tmp/etcd-download-test/etcdctl --endpoints=localhost:2379 get foo | /tmp/etcd-download-test/etcdutl version | docker exec etcd-gcr-${ETCD_VER} /usr/local/bin/etcdctl get foo",yes,yes,yes,yes,yes,yes,repo_file,https://raw.githubusercontent.com/etcd-io/etcd/main/CHANGELOG/CHANGELOG-3.4.md,CHANGELOG/CHANGELOG-3.4.md,174.81,80,795,115931,"v3.4.45 (2026-06-01) | Dependencies | v3.4.44 (2026-05-01) | etcd server | v3.4.43 (2026-04-01) | etcdctl | v3.4.42 (2026-03-20) | v3.4.41 (2026-02-13) | Package `clientv3` | v3.4.40 (2025-12-17) | v3.4.39 (2025-11-11) | v3.4.38 (2025-10-21) | v3.4.37 (2025-04-15) | v3.4.36 (2025-02-25) | v3.4.35 (2024-11-12) | v3.4.34 (2024-09-11) | Package clientv3 | v3.4.33 (2024-06-13) | etcd grpc-proxy | v3.4.32 (2024-04-25) | v3.4.31 (2024-03-21) | Others | v3.4.30 (2024-01-31) | v3.4.29 (2024-01-09) | v3.4.28 (2023-11-23) | v3.4.27 (2023-07-11) | etcdctl v3 | v3.4.26 (2023-05-12) | v3.4.25 (2023-04-14) | Docker image | v3.4.24 (2023-02-16) | v3.4.23 (2022-12-21) | v3.4.22 (2022-11-02) | Package `netutil` | v3.4.21 (2022-09-15) | v3.4.20 (2022-08-06) | v3.4.19 (2022-07-12) | Dependency | Security | Go | v3.4.18 (2021-10-15) | Metrics, Monitoring | Other | v3.4.17 (2021-10-03) | `etcdctl` | gRPC gateway | v3.4.16 (2021-05-11) | Metrics | [v3.4.15](https://github.com/etcd-io/etcd/releases/tag/v3.4.15) (2021-02-26) | Package `fileutil`"
23,46,ethereum/go-ethereum,https://github.com/ethereum/go-ethereum,51189,21910,Go,237096,master,blockchain,17109,github_release,https://github.com/ethereum/go-ethereum/releases/tag/v1.17.3,Enzymatic Injector (v1.17.3),7,Enzymatic Injector (v1.17.3) | Geth | Core | Networking | Cryptography | RPC | Others,yes,yes,yes,yes,yes,yes,repo_file,https://raw.githubusercontent.com/ethereum/go-ethereum/master/crypto/secp256k1/libsecp256k1/CHANGELOG.md,crypto/secp256k1/libsecp256k1/CHANGELOG.md,163.5,19,51,12103,Changelog | [Unreleased] | [0.6.0] - 2024-11-04 | Added | Changed | Removed | ABI Compatibility | [0.5.1] - 2024-08-01 | Fixed | [0.5.0] - 2024-05-06 | [0.4.1] - 2023-12-21 | [0.4.0] - 2023-09-04 | [0.3.2] - 2023-05-13 | Security | [0.3.1] - 2023-04-10 | [0.3.0] - 2023-03-08 | [0.2.0] - 2022-12-12 | Deprecated | [0.1.0] - 2013-03-05 to 2021-12-25
24,47,dbeaver/dbeaver,https://github.com/dbeaver/dbeaver,50599,4243,Java,214070,devel,database,28727,github_release,https://github.com/dbeaver/dbeaver/releases/tag/26.1.0,26.1.0,1,26.1.0,no,no,no,no,no,yes,github_release,https://github.com/dbeaver/dbeaver/releases/tag/26.0.4,26.0.4,38.54,1,38,3804,26.0.4
25,49,x64dbg/x64dbg,https://github.com/x64dbg/x64dbg,48663,2753,C++,64473,development,security,6141,github_release,https://github.com/x64dbg/x64dbg/releases/tag/2026.05.27,2026.05.27,3,2026.05.27 | May 2026: Small hotfix release | 📜 Changelog,no,yes,yes,no,yes,yes,github_release,https://github.com/x64dbg/x64dbg/releases/tag/2025.08.19,2025.08.19,118.92,12,71,11669,2025.08.19 | August 2025: Bug fixes and stability | 🐛 Bugs | ❓ Documentation | 🔎 Tracing | 🤖 Scripting | 🐧 Cross Platform | 🤝 Community | ❤️ Sponsors | 📜 Changelog | help Show this message. (optional) | ret
26,51,ClickHouse/ClickHouse,https://github.com/ClickHouse/ClickHouse,48087,8528,C++,7174852,master,big-data;cloud-native;database,241354,repo_file,https://raw.githubusercontent.com/ClickHouse/ClickHouse/master/CHANGELOG.md,CHANGELOG.md,12,"Watch all release presentations and videos at [ClickHouse Theater](https://presentations.clickhouse.com/) and [YouTube Playlist](https://www.youtube.com/playlist?list=PL0Z2YDlm0b3jAlSy1JxyP8zluvXaN3nxU). | Table of Contents | 2026 Changelog | ClickHouse release 26.5, 2026-05-21. [Presentation](https://presentations.clickhouse.com/2026-release-26.5/), [Video](https://www.youtube.com/watch?v=P1IDAvsi7p8) | Backward Incompatible Change | New Feature | Experimental Feature | Performance Improvement | Improvement | Bug Fix (user-visible misbehavior in an official stable release) | Build/Testing/Packaging Improvement | ClickHouse release 26.4, 2026-04-30. [Presentation](https://presentations.clickhouse.com/2026-release-26.4/), [Video](https://www.youtube.com/watch?v=9lSVy7k2EoI)",yes,yes,yes,yes,yes,yes,repo_file,https://raw.githubusercontent.com/ClickHouse/ClickHouse/master/CHANGELOG.md,CHANGELOG.md,159,12,797,250000,"Watch all release presentations and videos at [ClickHouse Theater](https://presentations.clickhouse.com/) and [YouTube Playlist](https://www.youtube.com/playlist?list=PL0Z2YDlm0b3jAlSy1JxyP8zluvXaN3nxU). | Table of Contents | 2026 Changelog | ClickHouse release 26.5, 2026-05-21. [Presentation](https://presentations.clickhouse.com/2026-release-26.5/), [Video](https://www.youtube.com/watch?v=P1IDAvsi7p8) | Backward Incompatible Change | New Feature | Experimental Feature | Performance Improvement | Improvement | Bug Fix (user-visible misbehavior in an official stable release) | Build/Testing/Packaging Improvement | ClickHouse release 26.4, 2026-04-30. [Presentation](https://presentations.clickhouse.com/2026-release-26.4/), [Video](https://www.youtube.com/watch?v=9lSVy7k2EoI)"
27,53,metabase/metabase,https://github.com/metabase/metabase,47715,6551,Clojure,1999112,master,database,42837,github_release,https://github.com/metabase/metabase/releases/tag/v0.62.2,Metabase 62.2,5,Metabase 62.2 | Upgrading | Metabase Open Source | Metabase Enterprise | Changelog,no,yes,yes,no,yes,yes,repo_file,https://raw.githubusercontent.com/metabase/metabase/master/enterprise/frontend/src/embedding-sdk-package/CHANGELOG.md,enterprise/frontend/src/embedding-sdk-package/CHANGELOG.md,139.0,56,314,79254,Embedding SDK package changelog | 0.57.0 and above | Features | Legacy changelog (before `@metabase/embedding-sdk-react@57`) | [0.56.3](https://github.com/metabase/metabase/compare/embedding-sdk-0.56.2...embedding-sdk-0.56.3) (2025-08-29) | Bug Fixes | [0.56.2](https://github.com/metabase/metabase/compare/embedding-sdk-0.56.1-nightly...embedding-sdk-0.56.2) (2025-08-08) | [0.56.1-nightly](https://github.com/metabase/metabase/compare/embedding-sdk-0.55.1-nightly...embedding-sdk-0.56.1-nightly) (2025-08-01) | [0.55.5-metabot](https://github.com/metabase/metabase/compare/embedding-sdk-0.55.4-metabot...embedding-sdk-0.55.5-metabot) (2025-05-07) | [0.55.4-metabot](https://github.com/metabase/metabase/compare/embedding-sdk-0.55.3-metabot...embedding-sdk-0.55.4-metabot) (2025-04-23) | [0.55.3-metabot](https://github.com/metabase/metabase/compare/embedding-sdk-0.55.2-metabot...embedding-sdk-0.55.3-metabot) (2025-04-22) | [0.55.2-metabot](https://github.com/metabase/metabase/compare/embedding-sdk-0.55.1-metabot...embedding-sdk-0.55.2-metabot) (2025-04-22) | [0.55.1-metabot](https://github.com/metabase/metabase/compare/embedding-sdk-0.55.1-nightly...embedding-sdk-0.55.1-metabot) (2025-04-04) | [0.55.1-nightly](https://github.com/metabase/metabase/compare/embedding-sdk-0.54.3-nightly...embedding-sdk-0.55.1-nightly) (2025-04-04) | [0.54.3-nightly](https://github.com/metabase/metabase/compare/embedding-sdk-0.54.2-nightly...embedding-sdk-0.54.3-nightly) (2025-02-26) | [0.54.2-nightly](https://github.com/metabase/metabase/compare/embedding-sdk-0.54.1-nightly...embedding-sdk-0.54.2-nightly) (2025-02-25) | [0.54.1-nightly](https://github.com/metabase/metabase/compare/embedding-sdk-0.53.1-nightly...embedding-sdk-0.54.1-nightly) (2025-02-17) | [0.53.1-nightly](https://github.com/metabase/metabase/compare/embedding-sdk-0.52.4-nightly...embedding-sdk-0.53.1-nightly) (2025-01-13) | [0.52.4-nightly](https://github.com/metabase/metabase/compare/embedding-sdk-0.52.3-nightly...embedding-sdk-0.52.4-nightly) (2024-12-16) | [0.52.3-nightly](https://github.com/metabase/metabase/compare/embedding-sdk-0.52.2-nightly...embedding-sdk-0.52.3-nightly) (2024-11-29) | [0.52.2-nightly](https://github.com/metabase/metabase/compare/embedding-sdk-0.52.1-nightly...embedding-sdk-0.52.2-nightly) (2024-11-21) | [0.52.1](https://github.com/metabase/metabase/compare/embedding-sdk-0.1.38...embedding-sdk-0.52.1-nightly) (2024-11-07) | [0.1.38](https://github.com/metabase/metabase/compare/embedding-sdk-0.1.37...embedding-sdk-0.1.38) (2024-10-09) | [0.51.0](https://github.com/metabase/metabase/compare/embedding-sdk-0.1.37...embedding-sdk-0.51.0) (2024-10-08) | [0.1.37](https://github.com/metabase/metabase/compare/embedding-sdk-0.1.36...embedding-sdk-0.1.37) (2024-10-02) | [0.1.36](https://github.com/metabase/metabase/compare/embedding-sdk-0.1.35...embedding-sdk-0.1.36) (2024-09-09) | [0.1.35](https://github.com/metabase/metabase/compare/embedding-sdk-0.1.34...embedding-sdk-0.1.35) (2024-09-06) | [0.1.34](https://github.com/metabase/metabase/compare/embedding-sdk-0.1.33...embedding-sdk-0.1.34) (2024-09-02) | [0.1.33](https://github.com/metabase/metabase/compare/embedding-sdk-0.1.32...embedding-sdk-0.1.33) (2024-08-30) | [0.1.32](https://github.com/metabase/metabase/compare/embedding-sdk-0.1.31...embedding-sdk-0.1.32) (2024-08-23) | [0.1.31](https://github.com/metabase/metabase/compare/embedding-sdk-0.1.30...embedding-sdk-0.1.31) (2024-08-16) | [0.1.30](https://github.com/metabase/metabase/compare/embedding-sdk-0.1.29...embedding-sdk-0.1.30) (2024-08-13) | [0.1.29](https://github.com/metabase/metabase/compare/embedding-sdk-0.1.28...embedding-sdk-0.1.29) (2024-08-09) | [0.1.28](https://github.com/metabase/metabase/compare/embedding-sdk-0.1.27...embedding-sdk-0.1.28) (2024-08-08) | [0.1.27](https://github.com/metabase/metabase/compare/embedding-sdk-0.1.26...embedding-sdk-0.1.27) (2024-08-07) | [0.1.26](https://github.com/metabase/metabase/compare/embedding-sdk-0.1.25...embedding-sdk-0.1.26) (2024-08-02) | [0.1.25](https://github.com/metabase/metabase/compare/embedding-sdk-0.1.24...embedding-sdk-0.1.25) (2024-07-29) | [0.1.24](https://github.com/metabase/metabase/compare/embedding-sdk-0.1.23...embedding-sdk-0.1.24) (2024-07-24) | [0.1.23](https://github.com/metabase/metabase/compare/embedding-sdk-0.1.22...embedding-sdk-0.1.23) (2024-07-23) | [0.1.22](https://github.com/metabase/metabase/compare/embedding-sdk-0.1.21...embedding-sdk-0.1.22) (2024-07-19) | [0.1.21](https://github.com/metabase/metabase/compare/embedding-sdk-0.1.20...embedding-sdk-0.1.21) (2024-07-18) | [0.1.20](https://github.com/metabase/metabase/compare/embedding-sdk-0.1.19...embedding-sdk-0.1.20) (2024-07-16) | [0.1.19](https://github.com/metabase/metabase/compare/embedding-sdk-0.1.18...embedding-sdk-0.1.19) (2024-07-15) | [0.1.18](https://github.com/metabase/metabase/compare/embedding-sdk-0.1.17...embedding-sdk-0.1.18) (2024-07-12) | [0.1.17](https://github.com/metabase/metabase/compare/embedding-sdk-0.1.16...embedding-sdk-0.1.17) (2024-07-10) | [0.1.16](https://github.com/metabase/metabase/compare/embedding-sdk-0.1.15...embedding-sdk-0.1.16) (2024-07-03) | [0.1.15](https://github.com/metabase/metabase/compare/embedding-sdk-0.1.14...embedding-sdk-0.1.15) (2024-06-28) | [0.1.14](https://github.com/metabase/metabase/compare/embedding-sdk-0.1.13...embedding-sdk-0.1.14) (2024-06-26) | [0.1.13](https://github.com/metabase/metabase/compare/embedding-sdk-0.1.12...embedding-sdk-0.1.13) (2024-06-21) | [0.1.12](https://github.com/metabase/metabase/compare/embedding-sdk-0.1.11...embedding-sdk-0.1.12) (2024-06-20)
28,54,v2ray/v2ray-core,https://github.com/v2ray/v2ray-core,46878,8843,Go,55242,master,proxy,5389,github_release,https://github.com/v2ray/v2ray-core/releases/tag/v4.31.0,v4.31.0,9,v4.31.0 | Warning | Fixes | Features | Refactor | Chores | Build and compiling | Notice | Download: https://github.com/v2fly/v2ray-core/releases/tag/v4.31.0,no,yes,yes,no,yes,yes,external_link_from_github_release,https://github.com/v2fly/v2ray-core/releases/tag/v4.31.0,https://github.com/v2fly/v2ray-core/releases/tag/v4.31.0,108.0,19,0,223469,"Navigation Menu | Search code, repositories, users, issues, pull requests... | Provide feedback | Saved searches | Use saved searches to filter your results more quickly | v4.31.0 | Choose a tag to compare | Sorry, something went wrong. | Uh oh! | No results found | Warning | Fixes | Features | Refactor | Chores | Build and compiling | Notice | Footer | Footer navigation"
29,55,prisma/prisma,https://github.com/prisma/prisma,46313,2244,TypeScript,168804,main,database,12226,github_release,https://github.com/prisma/prisma/releases/tag/7.8.0,7.8.0,7,7.8.0 | Highlights | ORM | Features | Bug Fixes | Open roles at Prisma | Enterprise support,yes,no,yes,no,no,yes,github_release,https://github.com/prisma/prisma/releases/tag/7.6.0,7.6.0,84.3,8,11,4300,7.6.0 | Highlights | ORM | Features | Bug Fixes | Prisma Studio | Open roles at Prisma | Enterprise support
30,58,milvus-io/milvus,https://github.com/milvus-io/milvus,44823,4072,Go,302057,master,cloud-native,24880,github_release,https://github.com/milvus-io/milvus/releases/tag/v2.6.18,milvus-2.6.18,7,milvus-2.6.18 | v2.6.18 | Features | Nullable vector | Element-level search on Struct fields | Improvements | Bug fixes,no,yes,yes,no,yes,yes,github_release,https://github.com/milvus-io/milvus/releases/tag/v3.0-beta,milvus-3.0.0-beta,92.35,14,0,8903,"milvus-3.0.0-beta | v3.0-beta | Key Features | External Collection | Snapshot | Query / Search Order By | Query Aggregation | Null Vector | Custom Dictionary & Synonym Dictionary | Entity TTL | MinHash DIDO (Doc-in, Doc-out) | EmbList + DISKANN | Force Merge | Storage V3"
31,60,getsentry/sentry,https://github.com/getsentry/sentry,44120,4727,Python,895426,master,devops;monitoring,105555,github_release,https://github.com/getsentry/sentry/releases/tag/26.6.0,26.6.0,75,26.6.0 | New Features ✨ | Api | Attributes | Autofix | Cells | Cmdk | Events | Explore | Ingest | Integrations | Issues | Jira Server | Onboarding | Ourlogs | Pr Metrics | Preprod | Replays | Scm Multi Platform Detetion | Search | Seer | Seer Activity | Seer Infra Telemetry | Spans | Taskbroker | Teams | Trace Waterfall | Tracemetrics | Vercel | Vsts | Webhooks | Weekly Report | Other | Bug Fixes 🐛 | Aci | Charts | Ci | Dashboards | Deletions | Grouping,no,yes,yes,no,yes,yes,github_release,https://github.com/getsentry/sentry/releases/tag/26.4.2,26.4.2,139.66,76,833,108199,26.4.2 | New Features ✨ | Aci | Admin | Autofix | Billing | Cmdk | Dashboards | Discover | Dynamic Sampling | Eslint | Explore | Explorer | Integrations | Issues | Minidump | Night Shift | Nightshift | Notifications | Onboarding | Ourlogs | Preprod | Projects | Releases | Replays | Repos | Search | Seer | Seer Explorer | Seer Slack | Sentry Apps | Slack | Snapshots | Source Map Config Issues | Spans | Supergroups | Tracemetrics | Users | Other | Bug Fixes 🐛 | a-i Conversations | Alerts | Api | Ci | Conversations | Detectors | Drawer | Experiments | Hotkey | Metrics
32,61,parcel-bundler/parcel,https://github.com/parcel-bundler/parcel,44030,2279,JavaScript,64758,v2,compiler,3499,github_release,https://github.com/parcel-bundler/parcel/releases/tag/v2.16.2,v2.16.2,2,v2.16.2 | Fixed,no,no,yes,no,no,yes,repo_file,https://raw.githubusercontent.com/parcel-bundler/parcel/v2/CHANGELOG.md,CHANGELOG.md,105,80,1149,129214,Changelog | [2.16.4] – 2026-02-01 | Fixed | [2.16.3] – 2025-12-06 | [2.16.2] – 2025-12-06 | [2.16.1] – 2025-11-04 | [2.16.0] – 2025-09-18 | Added | [2.15.3] – 2025-06-20 | [2.15.2] - 2025-05-24 | [2.15.1] - 2025-05-15 | [2.15.0] - 2025-05-11 | [2.14.4] - 2025-03-29 | [2.14.3] - 2025-03-28 | [2.14.2] - 2025-03-23 | [2.14.1] - 2025-03-19 | [2.14.0] - 2025-03-18 | [2.13.3] - 2024-12-16 | [2.13.2] - 2024-11-25 | [2.13.1] - 2024-11-24 | [2.13.0] - 2024-11-12 | [2.12.0] - 2024-02-28 | Unstable | [2.11.0] - 2023-12-19 | [2.10.3] - 2023-11-14 | [2.10.2] - 2023-11-01 | [2.10.1] – 2023-10-23 | [2.10.0] – 2023-10-11 | [2.9.3] – 2023-06-24 | [2.9.2] - 2023-06-08 | [2.9.1] - 2023-06-07 | [2.9.0] - 2023-05-26 | [2.8.3] - 2023-01-18 | [2.8.2] - 2022-12-14 | [2.8.1] - 2022-12-07 | [2.8.0] - 2022-11-09 | [2.7.0] - 2022-08-03 | [2.6.2] - 2022-06-21 | [2.6.1] - 2022-06-17 | [2.6.0] - 2022-05-25 | [2.5.0] - 2022-04-21 | [2.4.1] - 2022-03-31 | [2.4.0] - 2022-03-22 | [2.3.1] - 2022-02-09 | Fixed | [2.3.0] - 2022-02-09 | Added | [2.2.1] - 2022-01-17 | [2.2.0] - 2022-01-12 | [2.1.1] - 2022-01-06
33,62,babel/babel,https://github.com/babel/babel,43998,5827,TypeScript,144429,main,compiler,18562,github_release,https://github.com/babel/babel/releases/tag/v8.0.1,v8.0.1,4,v8.0.1 | v8.0.1 (2026-06-17) | :boom: Breaking Change | Committers: 2,yes,yes,yes,yes,yes,yes,repo_file,https://raw.githubusercontent.com/babel/babel/main/.github/CHANGELOG-v6.md,.github/CHANGELOG-v6.md,175,80,1510,192424,"Babel v6 Changelog | 6.26.3 (2018-04-27) | 6.26.2 (2018-04-26) | 6.26.1 (2018-02-03) | 6.26.0 (2017-08-16) | :eyeglasses: Spec Compliance | :rocket: New Feature | :bug: Bug Fix | :memo: Documentation | :house: Internal | Committers: 19 | 6.25.0 (2017-06-08) | :nail_care: Polish | Committers: 5 | 6.24.0 (2017-03-13) | Committers: 14 | 6.23.1 (2017-02-13) | 6.23.0 (2017-02-13) | Committers: 20 | 6.22.2 (2017-01-19) | 6.22.1 (2017-01-19) | 6.22.0 (2017-01-19) | Committers: 23, First PRs: 10 | 6.21.1 (2016-12-17) | 6.21.0 (2016-12-16) | Committers: 9 | v6.20.3 (2016-12-08) | :cry: Regression | v6.20.2 (2016-12-08) | v6.20.1 (2016-12-08) | v6.20.0 (2016-12-08) | Committers: 17 | v6.19.0 (2016-11-16) | Committers: 10 | v6.18.2 (2016-11-01) | Commiters: 4 | v6.18.1 (2016-11-01) | v6.18.0 (2016-10-24) | Documentation | Commiters: 17 | v6.17.0 (2016-10-01) | v6.16.0 (2016-09-28) | Commiters: 20 | v6.15.0 (2016-08-31) | New Feature | Bug Fix | Internal | v6.14.0 (2016-08-23) TAKE ME TO FLAVOR TOWN | Notable Bug Fixes | Guy Fieri"
34,63,mitmproxy/mitmproxy,https://github.com/mitmproxy/mitmproxy,43963,4594,Python,69042,main,proxy;security,11174,repo_file,https://raw.githubusercontent.com/mitmproxy/mitmproxy/main/CHANGELOG.md,CHANGELOG.md,80,"Release History | Unreleased: mitmproxy next | 12 May 2026: mitmproxy 12.2.3 | 12 April 2026: mitmproxy 12.2.2 | 24 November 2025: mitmproxy 12.2.1 | 15 October 2025: mitmproxy 12.2.0 | 24 August 2025: mitmproxy 12.1.2 | Security Fixes | 25 May 2025: mitmproxy 12.1.1 | 24 May 2025: mitmproxy 12.1.0 | 06 May 2025: mitmproxy 12.0.1 | 29 April 2025: mitmproxy 12.0.0 | New Contentview System ([#7623](https://github.com/mitmproxy/mitmproxy/pull/7623), @mhils) | Other Changes | 17 February 2025: mitmproxy 11.1.3 | 06 February 2025: mitmproxy 11.1.2 | 05 February 2025: mitmproxy 11.1.1 | 12 January 2025: mitmproxy 11.1.0 | 05 December 2024: mitmproxy 11.0.2 | 24 November 2024: mitmproxy 11.0.1 | 02 October 2024: mitmproxy 11.0.0 | 02 August 2024: mitmproxy 10.4.2 | 29 July 2024: mitmproxy 10.4.1 | 25 July 2024: mitmproxy 10.4.0 | 12 June 2024: mitmproxy 10.3.1 | 17 April 2024: mitmproxy 10.3.0 | 07 March 2024: mitmproxy 10.2.4 | 06 March 2024: mitmproxy 10.2.3 | 21 January 2024: mitmproxy 10.2.2 | 06 January 2024: mitmproxy 10.2.1 | 04 January 2024: mitmproxy 10.2.0 | 14 December 2023: mitmproxy 10.1.6 | Breaking Changes | 14 November 2023: mitmproxy 10.1.5 | 13 November 2023: mitmproxy 10.1.4 | 04 November 2023: mitmproxy 10.1.3 | 03 November 2023: mitmproxy 10.1.2 | 27 September 2023: mitmproxy 10.1.1 | 24 September 2023: mitmproxy 10.1.0 | 04 August 2023: mitmproxy 10.0.0",yes,yes,yes,yes,yes,yes,repo_file,https://raw.githubusercontent.com/mitmproxy/mitmproxy/main/CHANGELOG.md,CHANGELOG.md,174.53,80,912,101811,"Release History | Unreleased: mitmproxy next | 12 May 2026: mitmproxy 12.2.3 | 12 April 2026: mitmproxy 12.2.2 | 24 November 2025: mitmproxy 12.2.1 | 15 October 2025: mitmproxy 12.2.0 | 24 August 2025: mitmproxy 12.1.2 | Security Fixes | 25 May 2025: mitmproxy 12.1.1 | 24 May 2025: mitmproxy 12.1.0 | 06 May 2025: mitmproxy 12.0.1 | 29 April 2025: mitmproxy 12.0.0 | New Contentview System ([#7623](https://github.com/mitmproxy/mitmproxy/pull/7623), @mhils) | Other Changes | 17 February 2025: mitmproxy 11.1.3 | 06 February 2025: mitmproxy 11.1.2 | 05 February 2025: mitmproxy 11.1.1 | 12 January 2025: mitmproxy 11.1.0 | 05 December 2024: mitmproxy 11.0.2 | 24 November 2024: mitmproxy 11.0.1 | 02 October 2024: mitmproxy 11.0.0 | 02 August 2024: mitmproxy 10.4.2 | 29 July 2024: mitmproxy 10.4.1 | 25 July 2024: mitmproxy 10.4.0 | 12 June 2024: mitmproxy 10.3.1 | 17 April 2024: mitmproxy 10.3.0 | 07 March 2024: mitmproxy 10.2.4 | 06 March 2024: mitmproxy 10.2.3 | 21 January 2024: mitmproxy 10.2.2 | 06 January 2024: mitmproxy 10.2.1 | 04 January 2024: mitmproxy 10.2.0 | 14 December 2023: mitmproxy 10.1.6 | Breaking Changes | 14 November 2023: mitmproxy 10.1.5 | 13 November 2023: mitmproxy 10.1.4 | 04 November 2023: mitmproxy 10.1.3 | 03 November 2023: mitmproxy 10.1.2 | 27 September 2023: mitmproxy 10.1.1 | 24 September 2023: mitmproxy 10.1.0 | 04 August 2023: mitmproxy 10.0.0 | 02 November 2022: mitmproxy 9.0.1 | 28 October 2022: mitmproxy 9.0.0 | Major Features | Deprecations | Full Changelog | 28 June 2022: mitmproxy 8.1.1 | 15 May 2022: mitmproxy 8.1.0 | 19 March 2022: mitmproxy 8.0.0 | Major Changes | 28 September 2021: mitmproxy 7.0.4"
35,64,Kong/kong,https://github.com/Kong/kong,43606,5152,Lua,97758,master,cloud-native;devops;kubernetes,11264,repo_file,https://raw.githubusercontent.com/Kong/kong/master/CHANGELOG.md,CHANGELOG.md,62,Table of Contents | Unreleased | 3.9.3 | Kong | Fixes | Core | 3.9.2 | Dependencies | 3.9.1 | Features | Plugin | 3.9.0 | Deprecations | Default | CLI Command | PDK | Admin API | Clustering | Kong-Manager | 3.8.1 | Kong | 3.8.0 | Performance | Performance | Configuration | 3.7.1 | 3.7.0 | Breaking Changes | 3.6.1 | 3.6.0 | 3.5.0 | 3.4.2 | 3.4.1 | Additions | Kong Manager | 3.4.0 | Breaking Changes | Deprecations | Additions | Core,yes,yes,yes,yes,yes,yes,repo_file,https://raw.githubusercontent.com/Kong/kong/master/CHANGELOG.md,CHANGELOG.md,175,62,890,154931,Table of Contents | Unreleased | 3.9.3 | Kong | Fixes | Core | 3.9.2 | Dependencies | 3.9.1 | Features | Plugin | 3.9.0 | Deprecations | Default | CLI Command | PDK | Admin API | Clustering | Kong-Manager | 3.8.1 | Kong | 3.8.0 | Performance | Performance | Configuration | 3.7.1 | 3.7.0 | Breaking Changes | 3.6.1 | 3.6.0 | 3.5.0 | 3.4.2 | 3.4.1 | Additions | Kong Manager | 3.4.0 | Breaking Changes | Deprecations | Additions | Core | Kong Manager | Plugins | Fixes | Admin API | Changed | Status API | Dependencies | Known Issues | 3.3.0 | PDK
36,72,apache/dubbo,https://github.com/apache/dubbo,41517,26426,Java,61821,3.3,distributed-systems,8882,github_release,https://github.com/apache/dubbo/releases/tag/dubbo-3.2.20,dubbo-3.2.20,2,dubbo-3.2.20 | What's Changed,yes,no,yes,no,no,yes,repo_file,https://raw.githubusercontent.com/apache/dubbo/3.3/CHANGES.md,CHANGES.md,137.16,22,346,33324,Release Notes | 2.7.6 | Features | Enhancement | Bugfixes | Compatibility | 2.7.5 | Performance Tuning | 2.7.4.1 | 2.7.3 | Change List | 2.7.2 | New Features | 2.7.1 | Notice | 2.7.0 | Enhancements / Bugfixes | Upgrading and Compatibility Notifications | 2.6.6 | 2.6.5 | 2.6.4 | 2.6.3
37,73,pingcap/tidb,https://github.com/pingcap/tidb,40171,6195,Go,695329,master,cloud-native;database,28236,github_release,https://github.com/pingcap/tidb/releases/tag/v8.5.6,TiDB v8.5.6,1,TiDB v8.5.6,yes,yes,yes,yes,yes,yes,external_link_from_github_release,https://docs.pingcap.com/tidb/stable/release-8.5.5,https://docs.pingcap.com/tidb/stable/release-8.5.5,143.0,19,0,249561,TiDB 8.5.5 Release Notes | Features | Performance | Reliability | Availability | SQL | DB operations | Observability | Security | Compatibility changes | Behavior changes | MySQL compatibility | System variables | Configuration parameters | System tables | Other changes | Improvements | Bug fixes | Was this page helpful?
38,75,GyulyVGC/sniffnet,https://github.com/GyulyVGC/sniffnet,39352,1669,Rust,342730,main,networking;security,2940,github_release,https://github.com/GyulyVGC/sniffnet/releases/tag/v1.5.0,v1.5.0,2,Support Sniffnet | Stay in the loop,no,no,yes,no,no,yes,repo_file,https://raw.githubusercontent.com/GyulyVGC/sniffnet/main/CHANGELOG.md,CHANGELOG.md,102.26,30,306,34895,Changelog | [UNRELEASED] | [1.5.0] - 2026-04-14 | [1.4.2] - 2025-11-04 | [1.4.1] - 2025-09-13 | [1.4.0] - 2025-06-27 | [1.3.2] - 2025-01-06 | [1.3.1] - 2024-07-22 | [1.3.0] - 2024-04-08 | [1.2.2] - 2023-08-08 | [1.2.1] - 2023-06-08 | [1.2.0] - 2023-05-18 | [1.1.4] - 2023-04-18 | [1.1.3] - 2023-04-04 | [1.1.2] - 2023-03-18 | [1.1.1] - 2023-02-25 | [1.1.0] - 2023-02-07 | [1.0.1] - 2022-11-30 | [1.0.0] - 2022-11-21 | [0.5.0] - 2022-10-02 | [0.4.1] - 2022-09-27 | [0.4.0] - 2022-09-11 | [0.3.2] - 2022-09-07 | [0.3.1] - 2022-08-31 | [0.3.0] - 2022-08-29 | [0.2.1] - 2022-08-26 | [0.2.0] - 2022-08-24 | [0.1.2] - 2022-08-18 | [0.1.1] - 2022-08-17 | [0.1.0] - 2022-08-17
39,76,QuivrHQ/quivr,https://github.com/QuivrHQ/quivr,39165,3726,Python,130685,main,database;security,2295,github_release,https://github.com/QuivrHQ/quivr/releases/tag/core-0.0.33,core: v0.0.33,4,core: v0.0.33 | [0.0.33](https://github.com/QuivrHQ/quivr/compare/core-0.0.32...core-0.0.33) (2025-02-03) | Features | Bug Fixes,no,yes,yes,no,yes,yes,repo_file,https://raw.githubusercontent.com/QuivrHQ/quivr/main/core/CHANGELOG.md,core/CHANGELOG.md,135.84,36,77,17910,Changelog | [0.0.33](https://github.com/QuivrHQ/quivr/compare/core-0.0.32...core-0.0.33) (2025-02-03) | Features | Bug Fixes | [0.0.32](https://github.com/QuivrHQ/quivr/compare/core-0.0.31...core-0.0.32) (2025-01-31) | [0.0.31](https://github.com/QuivrHQ/quivr/compare/core-0.0.30...core-0.0.31) (2025-01-30) | [0.0.30](https://github.com/QuivrHQ/quivr/compare/core-0.0.29...core-0.0.30) (2025-01-27) | [0.0.29](https://github.com/QuivrHQ/quivr/compare/core-0.0.28...core-0.0.29) (2025-01-20) | [0.0.28](https://github.com/QuivrHQ/quivr/compare/core-0.0.27...core-0.0.28) (2024-12-17) | [0.0.27](https://github.com/QuivrHQ/quivr/compare/core-0.0.26...core-0.0.27) (2024-12-16) | [0.0.26](https://github.com/QuivrHQ/quivr/compare/core-0.0.25...core-0.0.26) (2024-12-10) | [0.0.25](https://github.com/QuivrHQ/quivr/compare/core-0.0.24...core-0.0.25) (2024-11-28) | Documentation | [0.0.24](https://github.com/QuivrHQ/quivr/compare/core-0.0.23...core-0.0.24) (2024-11-14) | [0.0.23](https://github.com/QuivrHQ/quivr/compare/core-0.0.22...core-0.0.23) (2024-10-31) | [0.0.22](https://github.com/QuivrHQ/quivr/compare/core-0.0.21...core-0.0.22) (2024-10-21) | [0.0.21](https://github.com/QuivrHQ/quivr/compare/core-0.0.20...core-0.0.21) (2024-10-21) | [0.0.20](https://github.com/QuivrHQ/quivr/compare/core-0.0.19...core-0.0.20) (2024-10-21) | [0.0.19](https://github.com/QuivrHQ/quivr/compare/core-0.0.18...core-0.0.19) (2024-10-21) | [0.0.18](https://github.com/QuivrHQ/quivr/compare/core-0.0.17...core-0.0.18) (2024-10-16) | [0.0.17](https://github.com/QuivrHQ/quivr/compare/core-0.0.16...core-0.0.17) (2024-10-16) | [0.0.16](https://github.com/QuivrHQ/quivr/compare/core-0.0.15...core-0.0.16) (2024-09-17) | [0.0.15](https://github.com/QuivrHQ/quivr/compare/core-0.0.14...core-0.0.15) (2024-09-16) | [0.0.14](https://github.com/QuivrHQ/quivr/compare/core-0.0.13...core-0.0.14) (2024-09-09) | [0.0.13](https://github.com/QuivrHQ/quivr/compare/core-0.0.12...core-0.0.13) (2024-08-01) | [0.0.12](https://github.com/QuivrHQ/quivr/compare/core-0.0.11...core-0.0.12) (2024-07-23) | [0.0.11](https://github.com/QuivrHQ/quivr/compare/core-0.0.10...core-0.0.11) (2024-07-22) | [0.0.10](https://github.com/QuivrHQ/quivr/compare/core-0.0.9...core-0.0.10) (2024-07-19) | [0.0.9](https://github.com/QuivrHQ/quivr/compare/core-0.0.8...core-0.0.9) (2024-07-15) | [0.0.8](https://github.com/QuivrHQ/quivr/compare/core-0.0.7...core-0.0.8) (2024-07-11) | [0.0.7](https://github.com/QuivrHQ/quivr/compare/core-0.0.6...core-0.0.7) (2024-07-10) | [0.0.6](https://github.com/QuivrHQ/quivr/compare/core-0.0.5...core-0.0.6) (2024-07-10) | [0.0.5](https://github.com/QuivrHQ/quivr/compare/core-0.0.4...core-0.0.5) (2024-07-10) | [0.0.4](https://github.com/QuivrHQ/quivr/compare/core-0.0.3...core-0.0.4) (2024-07-09) | [0.0.3](https://github.com/QuivrHQ/quivr/compare/core-0.0.2...core-0.0.3) (2024-07-09) | [0.0.2](https://github.com/QuivrHQ/quivr/compare/core-v0.0.1...core-0.0.2) (2024-07-09)
40,77,duckdb/duckdb,https://github.com/duckdb/duckdb,38834,3333,C++,456521,main,database,78255,github_release,https://github.com/duckdb/duckdb/releases/tag/v1.5.4,DuckDB v1.5.4 Bugfix Release,2,DuckDB v1.5.4 Bugfix Release | What's Changed,no,no,no,no,no,yes,github_release,https://github.com/duckdb/duckdb/releases/tag/v1.5.2,DuckDB v1.5.2 Bugfix Release,54.57,2,138,15780,DuckDB v1.5.2 Bugfix Release | What's Changed
41,78,spacedriveapp/spacedrive,https://github.com/spacedriveapp/spacedrive,38334,1295,Rust,271488,main,distributed-systems;storage,4883,github_release,https://github.com/spacedriveapp/spacedrive/releases/tag/v2.0.0-alpha.2,v2.0.0-alpha.2,3,v2.0.0-alpha.2 | What's Changed | New Contributors,no,yes,yes,no,yes,yes,github_release,https://github.com/spacedriveapp/spacedrive/releases/tag/0.4.2,Alpha 0.4.2,94.99,11,19,5936,"Alpha 0.4.2 | 🔧 Core Updates | 🪐 App Updates | 🖥️ Desktop | 🐞 Bug Fixes | 🛠️ General/Development Updates | 📱 Mobile (soon) tm | 🆕 New Contributors | 🚀 What's Next? | <!-- frontmatter | tagline: Almost 0.5.0! UI improvements, package updates, translations, and bug fixes"
42,81,ToolJet/ToolJet,https://github.com/ToolJet/ToolJet,38034,5118,JavaScript,1661988,main,kubernetes,16584,github_release,https://github.com/ToolJet/ToolJet/releases/tag/v3.20.181-lts,v3.20.181-lts,5,v3.20.181-lts | What's Changed | 🌟 Enhancements | 🛠️ Fixes | 🧪 Specs,no,yes,yes,no,yes,yes,repo_file,https://raw.githubusercontent.com/ToolJet/ToolJet/main/docs/versioned_docs/version-3.0.0-LTS/project-overview/release-notes.md,docs/versioned_docs/version-3.0.0-LTS/project-overview/release-notes.md,98.38,9,36,3534,ToolJet 3.0 Release Notes | App Builder | Platform Enhancements | ToolJet Database (TJ DB) | Integrations | a-i Apps | Workflows | Migration Steps | title: Release Notes
43,82,portainer/portainer,https://github.com/portainer/portainer,37747,2842,TypeScript,88100,develop,kubernetes,5935,github_release,https://github.com/portainer/portainer/releases/tag/2.39.3,Release 2.39.3 LTS,5,Release 2.39.3 LTS | Known issues | Known issues with Podman support | Changes | Deprecated and removed features,yes,yes,yes,yes,yes,yes,github_release,https://github.com/portainer/portainer/releases/tag/2.42.0,Release 2.42.0 STS,143.79,11,47,5413,Release 2.42.0 STS | Known issues | Known issues with Podman support | Changes | Breaking changes | New and improved features | Security improvements | Bug fixes | Deprecated and removed features | Deprecated features | Removed features
44,83,sqlmapproject/sqlmap,https://github.com/sqlmapproject/sqlmap,37688,6294,Python,94947,master,database,10669,repo_file,https://raw.githubusercontent.com/sqlmapproject/sqlmap/master/doc/CHANGELOG.md,doc/CHANGELOG.md,25,Version 1.10 (2026-01-01) | Version 1.9 (2025-01-02) | Version 1.8 (2024-01-03) | Version 1.7 (2023-01-02) | Version 1.6 (2022-01-03) | Version 1.5 (2021-01-03) | Version 1.4 (2020-01-01) | Version 1.3 (2019-01-05) | Version 1.2 (2018-01-08) | Version 1.1 (2017-04-07) | Version 1.0 (2016-02-27) | Version 0.9 (2011-04-10) | Version 0.8 (2010-03-14) | Version 0.8 release candidate (2009-09-21) | Version 0.7 (2009-07-25) | Version 0.7 release candidate (2009-04-22) | Version 0.6.4 (2009-02-03) | Version 0.6.3 (2008-12-18) | Version 0.6.2 (2008-11-02) | Version 0.6.1 (2008-08-20) | Version 0.6 (2008-09-01) | Version 0.5 (2007-11-04) | Version 0.4 (2007-06-15) | Version 0.3 (2007-01-20) | Version 0.2 (2006-12-13),no,no,yes,no,no,yes,repo_file,https://raw.githubusercontent.com/sqlmapproject/sqlmap/master/doc/CHANGELOG.md,doc/CHANGELOG.md,102.24,25,344,34662,Version 1.10 (2026-01-01) | Version 1.9 (2025-01-02) | Version 1.8 (2024-01-03) | Version 1.7 (2023-01-02) | Version 1.6 (2022-01-03) | Version 1.5 (2021-01-03) | Version 1.4 (2020-01-01) | Version 1.3 (2019-01-05) | Version 1.2 (2018-01-08) | Version 1.1 (2017-04-07) | Version 1.0 (2016-02-27) | Version 0.9 (2011-04-10) | Version 0.8 (2010-03-14) | Version 0.8 release candidate (2009-09-21) | Version 0.7 (2009-07-25) | Version 0.7 release candidate (2009-04-22) | Version 0.6.4 (2009-02-03) | Version 0.6.3 (2008-12-18) | Version 0.6.2 (2008-11-02) | Version 0.6.1 (2008-08-20) | Version 0.6 (2008-09-01) | Version 0.5 (2007-11-04) | Version 0.4 (2007-06-15) | Version 0.3 (2007-01-20) | Version 0.2 (2006-12-13)
45,86,aquasecurity/trivy,https://github.com/aquasecurity/trivy,36484,473,Go,936126,main,kubernetes;security,4110,github_release,https://github.com/aquasecurity/trivy/releases/tag/v0.71.1,v0.71.1,2,v0.71.1 | Changelog,yes,yes,yes,yes,yes,yes,repo_file,https://raw.githubusercontent.com/aquasecurity/trivy/main/CHANGELOG.md,CHANGELOG.md,175,28,641,142071,Changelog | [0.71.0](https://github.com/aquasecurity/trivy/compare/v0.70.0...v0.71.0) (2026-06-01) | Features | Bug Fixes | [0.70.0](https://github.com/aquasecurity/trivy/compare/v0.69.0...v0.70.0) (2026-04-16) | Performance Improvements | [0.69.0](https://github.com/aquasecurity/trivy/compare/v0.68.1...v0.69.0) (2026-01-30) | ⚠ BREAKING CHANGES | Code Refactoring | [0.68.1](https://github.com/aquasecurity/trivy/compare/v0.68.0...v0.68.1) (2025-12-03) | [0.68.0](https://github.com/aquasecurity/trivy/compare/v0.67.0...v0.68.0) (2025-12-02) | [0.67.0](https://github.com/aquasecurity/trivy/compare/v0.66.0...v0.67.0) (2025-09-30) | [0.66.0](https://github.com/aquasecurity/trivy/compare/v0.65.0...v0.66.0) (2025-09-02) | [0.65.0](https://github.com/aquasecurity/trivy/compare/v0.64.0...v0.65.0) (2025-07-30) | [0.64.0](https://github.com/aquasecurity/trivy/compare/v0.63.0...v0.64.0) (2025-06-30) | [0.63.0](https://github.com/aquasecurity/trivy/compare/v0.62.0...v0.63.0) (2025-05-29) | [0.62.0](https://github.com/aquasecurity/trivy/compare/v0.61.0...v0.62.0) (2025-04-30) | [0.61.0](https://github.com/aquasecurity/trivy/compare/v0.60.0...v0.61.0) (2025-03-28) | [0.60.0](https://github.com/aquasecurity/trivy/compare/v0.59.0...v0.60.0) (2025-03-05) | [0.59.0](https://github.com/aquasecurity/trivy/compare/v0.58.0...v0.59.0) (2025-01-30) | [0.58.0](https://github.com/aquasecurity/trivy/compare/v0.57.0...v0.58.0) (2024-12-02) | [0.57.0](https://github.com/aquasecurity/trivy/compare/v0.56.0...v0.57.0) (2024-10-31) | [0.56.0](https://github.com/aquasecurity/trivy/compare/v0.55.0...v0.56.0) (2024-10-03) | Reverts | [0.55.0](https://github.com/aquasecurity/trivy/compare/v0.54.0...v0.55.0) (2024-09-03) | [0.54.0](https://github.com/aquasecurity/trivy/compare/v0.53.0...v0.54.0) (2024-07-30) | [0.53.0](https://github.com/aquasecurity/trivy/compare/v0.52.0...v0.53.0) (2024-07-01) | [0.52.0](https://github.com/aquasecurity/trivy/compare/v0.51.1...v0.52.0) (2024-06-03)
46,88,directus/directus,https://github.com/directus/directus,36041,4789,TypeScript,444094,main,database,13737,github_release,https://github.com/directus/directus/releases/tag/v12.0.2,v12.0.2,4,v12.0.2 | ✨ New Features & Improvements | 🐛 Bug Fixes & Optimizations | 📦 Published Versions,yes,no,yes,no,no,yes,github_release,https://github.com/directus/directus/releases/tag/v12.0.0-rc.1,Directus v12.0.0-rc.1,107.32,5,255,36013,Directus v12.0.0-rc.1 | ⚠️ Potential Breaking Changes | ✨ New Features & Improvements | 🐛 Bug Fixes & Optimizations | 📦 Published Versions
47,94,v2fly/v2ray-core,https://github.com/v2fly/v2ray-core,34155,5061,Go,69519,master,proxy,6916,github_release,https://github.com/v2fly/v2ray-core/releases/tag/v5.51.2,v5.51.2,2,v5.51.2 | New Features,no,no,no,no,no,yes,github_release,https://github.com/v2fly/v2ray-core/releases/tag/v5.49.0,v5.49.0,24.92,3,8,1108,v5.49.0 | New Features | Chores
48,96,swc-project/swc,https://github.com/swc-project/swc,34038,1420,Rust,443760,main,compiler,11928,repo_file,https://raw.githubusercontent.com/swc-project/swc/main/CHANGELOG.md,CHANGELOG.md,46,Changelog | [1.15.41] - 2026-06-09 | Bug Fixes | Documentation | Performance | Revert | [1.15.40] - 2026-05-23 | Features | Miscellaneous Tasks | Testing | Ci | Security | [1.15.33] - 2026-05-02 | [1.15.32] - 2026-04-27 | [1.15.30] - 2026-04-19 | [1.15.26] - 2026-04-14 | Refactor | Build | [1.15.24] - 2026-04-04 | [1.15.21] - 2026-03-22 | [1.15.18] - 2026-03-01 | [1.15.17] - 2026-02-26 | [1.15.13] - 2026-02-23 | [1.15.11] - 2026-01-27 | [1.15.10] - 2026-01-19 | [1.15.8] - 2025-12-30 | [1.15.7] - 2025-12-18 | [1.15.6] - 2025-12-18 | [1.15.5] - 2025-12-15 | [1.15.4] - 2025-12-13 | [1.15.3] - 2025-11-20 | [1.15.2] - 2025-11-14 | [1.15.1] - 2025-11-08 | [1.15.0] - 2025-11-04 | [1.14.0] - 2025-10-29 | [1.13.21] - 2025-10-24 | [1.13.20] - 2025-09-27 | [1.13.19] - 2025-09-25 | [1.13.7] - 2025-09-19 | [1.13.5] - 2025-08-24,yes,yes,yes,yes,yes,yes,repo_file,https://raw.githubusercontent.com/swc-project/swc/main/CHANGELOG-CORE.md,CHANGELOG-CORE.md,174.83,80,511,117082,Changelog | [swc_core@v68.0.6] - 2026-06-09 | Bug Fixes | [swc_core@v68.0.5] - 2026-06-04 | Revert | [swc_core@v68.0.4] - 2026-06-02 | [swc_core@v68.0.3] - 2026-06-01 | Documentation | [swc_core@v68.0.2] - 2026-05-29 | [swc_core@v68.0.0] - 2026-05-28 | [swc_core@v67.0.4] - 2026-05-28 | [swc_core@v67.0.3] - 2026-05-27 | Performance | [swc_core@v67.0.2] - 2026-05-27 | [swc_core@v67.0.0] - 2026-05-25 | Ci | [swc_core@v66.0.5] - 2026-05-22 | [swc_core@v66.0.4] - 2026-05-22 | [swc_core@v66.0.3] - 2026-05-19 | Miscellaneous Tasks | [swc_core@v66.0.2] - 2026-05-17 | [swc_core@v66.0.1] - 2026-05-15 | [swc_core@v66.0.0] - 2026-05-15 | Security | [swc_core@v65.1.0] - 2026-05-14 | [swc_core@v65.0.4] - 2026-05-11 | Features | [swc_core@v65.0.3] - 2026-05-04 | Testing | [swc_core@v65.0.2] - 2026-05-02 | [swc_core@v65.0.1] - 2026-04-27 | [swc_core@v65.0.0] - 2026-04-27 | [swc_core@v64.0.0] - 2026-04-17 | [swc_core@v63.1.2] - 2026-04-14 | Build | [swc_core@v63.1.1] - 2026-04-09 | [swc_core@v63.1.0] - 2026-04-08 | Refactor | [swc_core@v63.0.0] - 2026-04-08 | [swc_core@v61.0.1] - 2026-04-03 | [swc_core@v61.0.0] - 2026-04-02 | [swc_core@v60.0.0] - 2026-03-30 | [swc_core@v59.0.1] - 2026-03-22 | [swc_core@v59.0.0] - 2026-03-22 | [swc_core@v58.0.4] - 2026-03-02 | [swc_core@v58.0.3] - 2026-03-02 | [swc_core@v58.0.2] - 2026-03-02 | [swc_core@v58.0.0] - 2026-02-25 | [swc_core@v57.1.0] - 2026-02-25 | [swc_core@v57.0.1] - 2026-02-22
49,97,derailed/k9s,https://github.com/derailed/k9s,33995,2194,Go,65286,master,kubernetes,2124,github_release,https://github.com/derailed/k9s/releases/tag/v0.51.0,v0.51.0,6,v0.51.0 | Release v0.51.0 | Notes | ♫ Sounds Behind The Release ♭ | Maintenance Release! | Contributed PRs,no,no,yes,no,no,yes,github_release,https://github.com/derailed/k9s/releases/tag/v0.50.18,v0.50.18,74.99,8,64,7517,v0.50.18 | Release v0.50.18 | Notes | ♫ Sounds Behind The Release ♭ | Maintenance Release! | A Word From Our Sponsors... | Resolved Issues | Contributed PRs
50,98,carbon-language/carbon-lang,https://github.com/carbon-language/carbon-lang,33839,1537,C++,113739,trunk,compiler;programming-language,5423,github_release,https://github.com/carbon-language/carbon-lang/releases/tag/v0.0.0-0.nightly.2026.06.18,Nightly build 2026.06.18,7,Nightly build 2026.06.18 | What's Changed | Toolchain and implementation changes :hammer_and_wrench: | Documentation changes :memo: | Utilities :triangular_ruler: | Infrastructure changes :building_construction: | Other changes,no,no,yes,no,no,yes,repo_file,https://raw.githubusercontent.com/carbon-language/carbon-lang/trunk/proposals/p001344-remove-llvm-from-the-repository-and-clean-up-history.md,proposals/p001344-remove-llvm-from-the-repository-and-clean-up-history.md,100.58,25,62,15866,"Remove LLVM from the repository, and clean up history. | Table of contents | Problem | Proposal | Details | Implementation | Patching LLVM | Updating forks and clones | Archive your existing fork and clones | Create a fresh fork and clone | Porting in-progress branches from your archived clone | If your old clone is in the `archived-carbon-lang` directory and your new | clone is in `carbon-lang`, both of them on the `trunk` branch: | Updating pending PRs | Review comments may be disrupted | Rationale | Alternatives considered | Do nothing | Don't rewrite the repository history. | Go back to submodules | Rename the repository, and create a new one | Manually extract and archive some review comments | git remote set-url origin git@github.com:$USER/archived-carbon-lang.git git@github.com:$USER/carbon-lang.git | git push --mirror origin | git commit"
51,99,anoma/anoma,https://github.com/anoma/anoma,33784,4116,Elixir,78483,base,blockchain;cryptography;distributed-systems;operating-system,2704,github_release,https://github.com/anoma/anoma/releases/tag/v0.35.0,v0.35.0,3,v0.35.0 | What's Changed | New Contributors,yes,yes,yes,yes,yes,yes,repo_file,https://raw.githubusercontent.com/anoma/anoma/base/CHANGELOG.md,CHANGELOG.md,170.81,26,191,17726,v0.21.0 | CLI Changes | Documentation | Internal Changes | v0.20.0 | v0.19.0 | v0.18.0 | Major Features | Execution Environments | Bug Fixes | Storage Changes | Debugging/Examples | v0.17.0 | Typing Fixes | Minor Bug Fixes | Debugging/Helpers | v0.16.0 | Testing/Examples/Debugging | v0.15.0 | v0.14.0 | Nock | v0.13.0 | v0.12.0 | v0.11.0 | Dependency Changes | Inteneral Changes
52,103,k3s-io/k3s,https://github.com/k3s-io/k3s,33275,2677,Go,590696,main,kubernetes,4178,github_release,https://github.com/k3s-io/k3s/releases/tag/v1.36.2-rc1%2Bk3s1,v1.36.2-rc1+k3s1,2,v1.36.2-rc1+k3s1 | What's Changed,no,no,yes,no,no,yes,repo_file,https://raw.githubusercontent.com/k3s-io/k3s/main/docs/release/expanded/release_notes.md,docs/release/expanded/release_notes.md,64.72,5,52,6637,Create Release Notes PR | Understanding Release Notes | 1. call the tools as follows (example using v1.23.13-rc1+k3s1): | example info for v1.23.13-rc2+k3s1 | see https://github.com/k3s-io/k3s/blob/v1.23.13-rc2%2Bk3s1/manifests/local-storage.yaml#L66
53,105,alibaba/nacos,https://github.com/alibaba/nacos,33036,13285,Java,92731,develop,kubernetes,6117,github_release,https://github.com/alibaba/nacos/releases/tag/3.2.2,"3.2.2 (May 29th, 2026)",7,"3.2.2 (May 29th, 2026) | Feature | Enhancement/Refactor | BugFix | Dependencies | Java Version Requirements | New Contributors",yes,yes,yes,yes,yes,yes,github_release,https://github.com/alibaba/nacos/releases/tag/3.2.0,"3.2.0 (Mar 27th, 2026)",159.93,15,119,11692,"3.2.0 (Mar 27th, 2026) | Feature | Enhancement/Refactor | BugFix | Dependencies | ⚠️ Breaking Changes & Migration Notes | Database Schema Changes (Important) | API Legacy Adapter Plugin | Naming Module: UDP PUSH Support Removed | Java Version Requirements | 📚 What's New in a-i Registry | Skill Registry | Prompt Registry | Nacos Copilot | New Contributors"
54,106,seaweedfs/seaweedfs,https://github.com/seaweedfs/seaweedfs,32978,2852,Go,205780,master,distributed-systems;kubernetes,14220,github_release,https://github.com/seaweedfs/seaweedfs/releases/tag/4.34,4.34,2,4.34 | What's Changed,no,no,yes,no,no,yes,repo_file,https://raw.githubusercontent.com/seaweedfs/seaweedfs/master/seaweed-volume/vendor/reed-solomon-erasure/CHANGELOG.md,seaweed-volume/vendor/reed-solomon-erasure/CHANGELOG.md,98.8,29,124,6879,6.0.0 | 5.0.3 | 5.0.2 | 5.0.1 | 5.0.0 | 4.0.2 | 4.0.1 | 4.0.0 | 3.1.2 (not published) | 3.1.1 | 3.1.0 | 3.0.3 | 3.0.2 | 3.0.1 (yanked) | 3.0.0 | 2.4.0 | 2.3.3 | 2.3.2 | 2.3.1 | 2.3.0 | 2.2.0 | 2.1.0 | 2.0.0 | 1.1.1 | 1.1.0 | 1.0.1 | 1.0.0 | 0.9.1 | 0.9.0
55,107,nicolargo/glances,https://github.com/nicolargo/glances,32848,1753,Python,55779,develop,monitoring,7185,github_release,https://github.com/nicolargo/glances/releases/tag/v4.5.5,Glances 4.5.5,1,Glances 4.5.5,yes,yes,yes,yes,yes,yes,github_release,https://github.com/nicolargo/glances/releases/tag/v4.5.1,Glances 4.5.1,144.18,19,13,10415,Glances 4.5.1 | Overview | 🐛 Bug Fixes | Plugins | Web UI | Snap Packaging | MCP Server | ✨ Enhancements | Intel GPU Monitoring ([[#994](https://github.com/nicolargo/glances/issues/994)](https://github.com/nicolargo/glances/issues/994)) | Docker Container Health Status & Alerts ([[#3402](https://github.com/nicolargo/glances/issues/3402)](https://github.com/nicolargo/glances/issues/3402)) | VM Plugin — libvirt Support in Docker Image ([[#3427](https://github.com/nicolargo/glances/issues/3427)](https://github.com/nicolargo/glances/issues/3427) / [[#3436](https://github.com/nicolargo/glances/issues/3436)](https://github.com/nicolargo/glances/issues/3436)) | SMART Plugin — `DeviceName` Key Added ([[#3457](https://github.com/nicolargo/glances/pull/3457)](https://github.com/nicolargo/glances/pull/3457)) | Per-Plugin Min / Max / Mean Statistics ([[#3462](https://github.com/nicolargo/glances/pull/3462)](https://github.com/nicolargo/glances/pull/3462)) | CPU Plugin — Improved Display on macOS ([[#3464](https://github.com/nicolargo/glances/issues/3464)](https://github.com/nicolargo/glances/issues/3464)) | History — `--enable-history` Flag Restored ([[#3416](https://github.com/nicolargo/glances/issues/3416)](https://github.com/nicolargo/glances/issues/3416)) | 🔧 Code Quality & Refactoring | 📖 Documentation | Upgrade Notes | Contributors
56,111,searxng/searxng,https://github.com/searxng/searxng,32272,3017,Python,117093,master,search-engine,9517,repo_file,https://raw.githubusercontent.com/searxng/searxng/master/CHANGELOG.rst,CHANGELOG.rst,1,SearXNG,no,no,no,no,no,yes,repo_file,https://raw.githubusercontent.com/searxng/searxng/master/CHANGELOG.rst,CHANGELOG.rst,16.05,1,2,462,SearXNG
57,113,linera-io/linera-protocol,https://github.com/linera-io/linera-protocol,32082,2354,Rust,238484,main,blockchain,5324,github_release,https://github.com/linera-io/linera-protocol/releases/tag/v0.15.19,Release SDK v0.15.19,2,Release SDK v0.15.19 | What's Changed,no,no,no,no,no,yes,github_release,https://github.com/linera-io/linera-protocol/releases/tag/v0.15.17,Release SDK v0.15.17,55.44,2,187,23842,Release SDK v0.15.17 | What's Changed
58,114,podman-container-tools/podman,https://github.com/podman-container-tools/podman,32046,3143,Go,183351,main,kubernetes,27556,github_release,https://github.com/podman-container-tools/podman/releases/tag/v6.0.0-rc1,v6.0.0-RC1,7,v6.0.0-RC1 | Breaking Changes | Features | Changes | Bugfixes | API | Misc,yes,yes,yes,yes,yes,yes,repo_file,https://raw.githubusercontent.com/podman-container-tools/podman/main/RELEASE_NOTES.md,RELEASE_NOTES.md,175,64,1535,250000,Release Notes | 5.6.0 | Features | Breaking Changes | Changes | Bugfixes | API | Misc | 5.5.2 | Security | 5.5.1 | 5.5.0 | 5.4.2 | 5.4.1 | 5.4.0 | 5.3.2 | 5.3.1 | 5.3.0 | 5.2.5 | 5.2.4 | 5.2.3 | 5.2.2 | 5.2.1 | 5.2.0 | 5.1.2 | 5.1.1 | 5.1.0 | 5.0.3 | 5.0.2 | 5.0.1 | 5.0.0 | 4.9.3 | 4.9.2 | 4.9.1 | 4.9.0 | 4.8.3 | 4.8.2 | Quadlet | 4.8.1 | 4.8.0 | Upcoming Deprecations | 4.7.2 | 4.7.1 | 4.7.0 | 4.6.2 | 4.6.1 | 4.6.0 | 4.5.1 | 4.5.0 | 4.4.4
59,115,kubernetes/minikube,https://github.com/kubernetes/minikube,31877,5250,Go,301042,master,kubernetes,27654,github_release,https://github.com/kubernetes/minikube/releases/tag/v1.38.1,v1.38.1,10,v1.38.1 | Release Notes | Version 1.38.1 - 2026-02-19 | Feature | Bug fixes | Addons | CNI | Installation | Binary Checksums | ISO Checksums,yes,yes,yes,yes,yes,yes,repo_file,https://raw.githubusercontent.com/kubernetes/minikube/master/CHANGELOG.md,CHANGELOG.md,175,80,3477,250000,Release Notes | Version 1.38.1 - 2026-02-19 | Feature | Bug fixes | Addons | CNI | Version 1.38.0 - 2026-01-28 | Higlight | Features | Warnings & Deprications | Improvements | Drivers | UI | Base image versions | Infra Migration | Version 1.37.0 - 2025-09-09 | Highlight | Deprication | CNI versions | UI/Translations | Version 1.36.0 - 2025-05-22 | Version 1.35.0 - 2025-01-15 | Version 1.34.0 - 2024-09-04 | Version 1.33.1 - 2024-05-13 | Version 1.33.0 - 2024-04-19 | Version 1.33.0-beta.0 - 2024-03-26 | Version 1.32.0 - 2023-11-07 | Version 1.32.0-beta.0 - 2023-10-27 | Version 1.31.2 - 2023-08-16 | Version 1.31.1 - 2023-07-20 | Version 1.31.0 - 2023-07-18 | Version 1.30.1 - 2023-04-04 | Version 1.30.0 - 2023-04-03 | Version 1.29.0 - 2023-01-26 | Version 1.28.0 - 2022-11-04 | Version 1.27.1 - 2022-10-07 | Version 1.27.0 - 2022-09-15 | Version 1.26.1 - 2022-08-02 | Version 1.26.0 - 2022-06-22 | Version 1.26.0-beta.1 - 2022-05-17 | Version 1.26.0-beta.0 - 2022-05-13 | Version 1.25.2 - 2022-02-23 | Version 1.25.1 - 2022-01-20 | Version 1.25.0 - 2022-01-18 | Version 1.24.0 - 2021-11-04 | Version 1.24.0-beta.0 - 2021-10-28 | Version 1.23.2 - 2021-09-21 | Version 1.23.1 - 2021-09-17 | Version 1.23.0 - 2021-09-03 | Version 1.22.0 - 2021-07-07
60,118,influxdata/influxdb,https://github.com/influxdata/influxdb,31558,3703,Rust,211086,main,database;monitoring,49920,github_release,https://github.com/influxdata/influxdb/releases/tag/v3.10.0,v3.10.0 | 06-17-26,5,v3.10.0 | 06-17-26 | InfluxDB 3 Core Updates | InfluxDB 3 Enterprise Updates | Breaking Changes | Bug Fixes,yes,no,yes,no,no,yes,github_release,https://github.com/influxdata/influxdb/releases/tag/v3.10.0,v3.10.0 | 06-17-26,75.0,5,5,3739,v3.10.0 | 06-17-26 | InfluxDB 3 Core Updates | InfluxDB 3 Enterprise Updates | Breaking Changes | Bug Fixes
61,120,nginx/nginx,https://github.com/nginx/nginx,30920,8012,C,75808,master,security,8628,github_release,https://github.com/nginx/nginx/releases/tag/release-1.31.2,release-1.31.2,3,release-1.31.2 | What's Changed | New Contributors,no,yes,yes,no,yes,yes,external_link_from_github_release,https://github.com/nginx/nginx/compare/release-1.30.1...release-1.30.2,https://github.com/nginx/nginx/compare/release-1.30.1...release-1.30.2,94.0,12,0,250000,"Navigation Menu | Search code, repositories, users, issues, pull requests... | Provide feedback | Saved searches | Use saved searches to filter your results more quickly | Comparing changes | Open a pull request | Uh oh! | Commits on May 22, 2026 | This comparison is taking too long to generate. | Footer | Footer navigation"
62,121,hiddify/hiddify-app,https://github.com/hiddify/hiddify-app,30822,2762,Dart,64199,main,proxy,2821,github_release,https://github.com/hiddify/hiddify-app/releases/tag/v4.1.1,v4.1.1,1,v4.1.1,yes,yes,yes,yes,yes,yes,repo_file,https://raw.githubusercontent.com/hiddify/hiddify-app/main/HISTORY.md,HISTORY.md,174.82,80,2614,116686,Changelog | 4.1.2 (2026-03-05) | New | v4.1.0 (2026-03-05) | Fix | Other | v4.0.5 (2026-02-20) | v4.0.4 (2026-02-19) | Changes | Migration to fastforge | Linux Build Refactor | Dockerized Build System | Windows Improvements | Other Changes | v2.5.7 (2024-10-03) | v2.5.6 (2024-10-02) | v2.5.5 (2024-09-29) | v2.5.2 (2024-09-29) | v2.5.1 (2024-09-29) | v2.5.0 (2024-09-28) | v2.3.1 (2024-09-07) | v2.3.0 (2024-09-02) | v2.2.0 (2024-08-21) | v2.1.5 (2024-08-05) | v2.1.4 (2024-08-05) | v2.1.1 (2024-08-02) | v2.1.0 (2024-08-02) | v2.0.4 (2024-07-31) | v2.0.3 (2024-07-30) | v2.0.2 (2024-07-30) | v2.0.1 (2024-07-30) | v2.0.0 (2024-07-30) | v1.9.1 (2024-07-28) | v1.9.0 (2024-07-25) | v1.7.0 (2024-07-17) | v1.6.3 (2024-07-14) | v1.6.2 (2024-07-14) | v1.6.1 (2024-07-14) | v1.5.0 (2024-07-09) | v1.4.0 (2024-06-02) | v1.1.1 (2024-03-20) | v1.0.0 (2024-03-18) | v0.17.12 (2024-03-14) | v0.15.8 (2024-02-14) | v0.15.6 (2024-02-09) | v0.15.4 (2024-01-26) | v0.15.3 (2024-01-26) | v0.14.20 (2024-01-21) | v0.14.11 (2024-01-20) | v0.13.6 (2024-01-07)
63,122,StevenBlack/hosts,https://github.com/StevenBlack/hosts,30565,2418,Python,1800420,master,security,4476,github_release,https://github.com/StevenBlack/hosts/releases/tag/3.16.86,Release 3.16.86,1,Release 3.16.86,no,yes,yes,no,yes,yes,repo_file,https://raw.githubusercontent.com/StevenBlack/hosts/master/alternates/fakenews-gambling-porn/readme.md,alternates/fakenews-gambling-porn/readme.md,97.39,56,49,47128,"Unified hosts file with fakenews, gambling, porn extensions | List of all hosts file variants | Sources of hosts data unified in this variant | Extensions | Generate your own unified hosts file | Option 1: Use our container image (Linux only) | Option 2: Generate your own container image | Option 3: Generate it in your own environment | Option 4: Generate it in Google Colab | Common steps regardless of your development environment | Command line options | How do I control which sources are unified? | How do I include my own custom domain mappings? | How do I prevent domains from being included? | How can I contribute hosts records? | Option 1: contact one of our hosts sources | Option 2: Fork this repository, add your domains to Steven Black's personal data file, and submit a pull request | Option 3: create your own hosts list as a repo on GitHub | What is a hosts file? | block doubleClick's servers | etc... | We recommend using `0.0.0.0` instead of `127.0.0.1` | Why not use `0` instead of `0.0.0.0`? | Location of your hosts file | Gentoo | NixOS | Nix Flake | Updating hosts file on Windows | For older versions of Windows | For new versions of Windows | Warning: Using this `hosts` file in Windows may require disabling DNS Cache service | Reloading hosts file | Windows | Linux | macOS | Release management | Goals of this unified hosts file | Third-Party Hosts Managers | Interesting Applications | Contribute | replace --extensions gambling porn | v ""path/to/whitelist:/hosts/whitelist"" \ | docker build --no-cache . -t stevenblack-hosts | docker build --no-cache https://github.com/StevenBlack/hosts.git -t stevenblack-hosts | docker run --rm -it stevenblack-hosts updateHostsFile.py | pip3 install --user -r requirements.txt | python3 testUpdateHostsFile.py | python3 updateHostsFile.py [--auto] [--replace] [--ip nnn.nnn.nnn.nnn] [--extensions ext1 ext2 ext3] | etc... | updateHostsWindows.bat"
64,123,openssl/openssl,https://github.com/openssl/openssl,30319,11323,C,342027,master,cryptography,40040,github_release,https://github.com/openssl/openssl/releases/tag/openssl-4.0.1,OpenSSL 4.0.1,1,OpenSSL 4.0.1,yes,yes,yes,yes,yes,yes,repo_file,https://raw.githubusercontent.com/openssl/openssl/master/dev/NEWS-FORMAT.md,dev/NEWS-FORMAT.md,143.51,18,18,6014,Structure of a release entry | Major changes between OpenSSL {PREV_VERSION} and OpenSSL {VERSION} [1 Jan 2023] | Opener paragraph | Listing potentially incompatible changes | Listing feature additions | Listing known issues | Listing documentation enhancements | Listing bug fixes and mitigations | Trailing advice | Editorial conventions for NEWS.md | General editorial principles | Structure | OpenSSL x.y | OpenSSL. | OpenSSL x.y.z is a patch release. | release is Medium. | appropriate) | tracker][issue tracker].
65,124,hashicorp/consul,https://github.com/hashicorp/consul,29945,4607,Go,492659,main,kubernetes,21923,github_release,https://github.com/hashicorp/consul/releases/tag/v2.0.0,v2.0.0,2,"v2.0.0 | 2.0.0 (May 22, 2026)",no,no,yes,no,no,yes,repo_file,https://raw.githubusercontent.com/hashicorp/consul/main/CHANGELOG.md,CHANGELOG.md,105,80,1272,250000,"2.0.0 (May 22, 2026) | 2.0.0 Enterprise (May 22, 2026) | 1.22.8 Enterprise (May 21, 2026) | 1.21.14 Enterprise (May 21, 2026) | 1.22.7 (April 21, 2026) | 1.22.7 Enterprise (April 21, 2026) | 1.21.13 Enterprise (April 21, 2026) | 1.22.6 (March 23, 2026) | 1.22.6 Enterprise (March 23, 2026) | 1.21.12 Enterprise (March 23, 2026) | 1.18.22 Enterprise (March 23, 2026) | 1.22.5 (February 26, 2026) | 1.22.5 Enterprise (February 26, 2026) | 1.21.11 Enterprise (February 26, 2026) | 1.18.21 Enterprise (February 26, 2026) | 1.22.4 | 1.22.3 (January 23, 2026) | 1.22.1 (November 27, 2025) | 1.22.1 Enterprise (November 27, 2025) | 1.21.7 Enterprise (November 27, 2025) | 1.20.13 Enterprise (November 27, 2025) | 1.18.17 Enterprise (November 27, 2025) | 1.22.0 Enterprise (October 24, 2025) | 1.22.0 (October 24, 2025) | 1.22.0-rc2+ent (October 15, 2025) | 1.22.0-rc2 (October 15, 2025) | 1.22.0-rc1+ent (September 30, 2025) | 1.22.0-rc1 (September 30, 2025) | 1.21.5 (September 21, 2025) | 1.21.4 (August 13, 2025) | 1.21.3 (July 18, 2025) | 1.21.2 (June 17, 2025) | 1.21.1 (May 21, 2025) | 1.20.7 Enterprise (May 21, 2025) | 1.19.9 Enterprise (May 21, 2025) | 1.21.0 (March 17, 2025) | 1.20.3 (February 13, 2025) | 1.19.5 Enterprise (February 13, 2025) | 1.18.8 Enterprise (February 13, 2025) | 1.15.18 Enterprise (February 07, 2025) | 1.15.17 Enterprise (February 05, 2025) | 1.18.7 Enterprise (January 31, 2025) | 1.20.2 (December 26, 2024) | 1.19.4 Enterprise (January 10, 2025) | 1.18.6 Enterprise (January 13, 2025) | 1.15.16 Enterprise (January 13, 2025) | 1.20.1 (October 29, 2024) | 1.20.0 (October 14, 2024) | 1.20.0-rc1 (September 19, 2024) | 1.19.3 Enterprise (October 29, 2024)"
66,129,alibaba/spring-cloud-alibaba,https://github.com/alibaba/spring-cloud-alibaba,29116,8504,Java,56304,2025.1.x,cloud-native,2660,github_release,https://github.com/alibaba/spring-cloud-alibaba/releases/tag/2025.1.0.0,2025.1.0.0,6,2025.1.0.0 | New Features | Bugfixes | Dependencies | Maintenance | Contributors,no,no,yes,no,no,yes,github_release,https://github.com/alibaba/spring-cloud-alibaba/releases/tag/2025.1.0.0,2025.1.0.0,50.32,6,25,1692,2025.1.0.0 | New Features | Bugfixes | Dependencies | Maintenance | Contributors
67,131,goharbor/harbor,https://github.com/goharbor/harbor,28728,5259,Go,264623,main,cloud-native;container;kubernetes,12697,github_release,https://github.com/goharbor/harbor/releases/tag/v2.15.2-rc1,v2.15.2-rc1,5,v2.15.2-rc1 | What's Changed | Component updates ⬆️ | Bump Component Version 🤖 | Other Changes,no,no,yes,no,no,yes,repo_file,https://raw.githubusercontent.com/goharbor/harbor/main/CHANGELOG.md,CHANGELOG.md,97.2,19,94,8295,Changelog | v1.8.0 (2019-05-21) | v1.7.5 (2019-04-02) | v1.7.4 (2019-03-04) | v1.7.1 (2019-01-07) | v1.7.0 (2018-12-19) | v1.6.0 (2018-09-11) | v1.5.0 (2018-05-07) | v1.4.0 (2018-02-07) | v1.3.0 (2018-01-04) | v1.2.0 (2017-09-15) | v1.1.0 (2017-04-18) | v0.5.0 (2016-12-6) | v0.4.5 (2016-10-31) | v0.4.0 (2016-09-23) | v0.3.5 (2016-08-13) | v0.3.0 (2016-07-15) | v0.1.1 (2016-04-08) | v0.1.0 (2016-03-11)
68,132,chroma-core/chroma,https://github.com/chroma-core/chroma,28467,2326,Rust,871790,main,database,4481,github_release,https://github.com/chroma-core/chroma/releases/tag/1.5.9,1.5.9,2,1.5.9 | What's Changed,no,yes,yes,no,yes,yes,repo_file,https://raw.githubusercontent.com/chroma-core/chroma/main/revision_history_function_302b0fcf.plan.md,revision_history_function_302b0fcf.plan.md,136.98,40,102,30614,"Revision History Function | Overview | Design Goals | How Version Histories Work | Architecture | Input Collection (partial schema -- what the function requires) | Design | Resurrection Handling | Data Model (output collection records) | Files to Change | 1. Go constants + migration | 2. Rust executor implementation | 3. Registration / dispatch | 4. API layer (name resolution) | 5. Python SDK enum | 6. Codegen (automatic) | Executor Logic (pseudocode) | Edge Cases | Output Collection Schema | Back-of-Envelope Estimates | Storage (history collection) | Memory during compaction | Throughput | Configuration (params JSON) | Thin Facade for Viewing Revisions (Example) | Reverting to a Previous Version | Why Record-Only Storage is Cheap | Test Plan | Unit Tests (in `revision_history.rs`) | Integration Test (k8s / Tilt -- following `test_k8s_integration_statistics_function` pattern) | Facade Tests (Python, optional) | isProject: false | end | output -.->|""chroma get-by-IDs""| facade | embedding: Vec (not read by this function) | Revision record** (for adds/upserts AND deletes -- unified format): | (all original metadata preserved for snapshots) | Tracking record** (per original_id, stored at version slot 0): | original_id: String | return self.get_at_position(record_id, history_pos)"
69,134,authelia/authelia,https://github.com/authelia/authelia,28079,1420,Go,78222,master,kubernetes;security,9772,github_release,https://github.com/authelia/authelia/releases/tag/v4.39.20,v4.39.20,5,v4.39.20 | Security Fixes | Bug Fixes | New Contributors | Docker Container,yes,yes,yes,yes,yes,yes,github_release,https://github.com/authelia/authelia/releases/tag/v4.39.16,v4.39.16,123.38,5,31,4467,v4.39.16 | Security Fixes | Bug Fixes | New Contributors | Docker Container
70,136,keepassxreboot/keepassxc,https://github.com/keepassxreboot/keepassxc,27686,1824,C++,80234,develop,security,4957,github_release,https://github.com/keepassxreboot/keepassxc/releases/tag/2.7.12,Release 2.7.12,3,Release 2.7.12 | Changes | Fixes,yes,no,yes,no,no,yes,repo_file,https://raw.githubusercontent.com/keepassxreboot/keepassxc/develop/CHANGELOG.md,CHANGELOG.md,138.72,64,1103,69393,Changelog | 2.8.0 (Pending) | 2.7.12 (2026-03-10) | Changes | Fixes | 2.7.11 (2025-11-23) | 2.7.10 (2025-03-02) | 2.7.9 (2024-06-19) | 2.7.8 (2024-05-05) | 2.7.7 (2024-03-09) | 2.7.6 (2023-08-15) | 2.7.5 (2023-05-14) | 2.7.4 (2022-10-29) | 2.7.3 (2022-10-23) | 2.7.1 (2022-04-05) | 2.7.0 (2022-03-21) | Major Additions | Major Changes | Other Changes and Fixes | 2.6.6 (2021-06-12) | Fixed | 2.6.5 (2021-06-08) | Added | Changed | 2.6.4 (2021-01-31) | 2.6.3 (2021-01-12) | 2.6.2 (2020-10-21) | 2.6.1 (2020-08-19) | 2.6.0 (2020-07-06) | 2.5.4 (2020-04-09) | 2.5.3 (2020-01-19) | 2.5.2 (2020-01-04) | 2.5.1 (2019-11-11) | 2.5.0 (2019-10-26) | 2.4.3 (2019-06-12) | 2.4.2 (2019-05-31) | 2.4.1 (2019-04-12) | 2.4.0 (2019-03-19) | 2.3.4 (2018-08-21) | 2.3.3 (2018-05-09) | 2.3.2 (2018-05-07) | 2.3.1 (2018-03-06) | 2.3.0 (2018-02-27) | 2.2.4 (2017-12-13) | 2.2.2 (2017-10-22) | 2.2.1 (2017-10-01) | 2.2.0 (2017-06-23) | 2.1.4 (2017-04-09) | 2.1.3 (2017-03-03) | 2.1.2 (2017-02-17)
71,140,Infisical/infisical,https://github.com/Infisical/infisical,27395,1994,TypeScript,1550482,main,security,24112,github_release,https://github.com/Infisical/infisical/releases/tag/v0.161.1,v0.161.1,5,v0.161.1 | Changed | Added | Fixed | New Contributors,no,no,yes,no,no,yes,github_release,https://github.com/Infisical/infisical/releases/tag/v0.161.1,v0.161.1,67.14,5,57,6394,v0.161.1 | Changed | Added | Fixed | New Contributors
72,141,SigNoz/signoz,https://github.com/SigNoz/signoz,27371,2225,TypeScript,97592,main,monitoring;observability,6398,github_release,https://github.com/SigNoz/signoz/releases/tag/v0.128.0,v0.128.0,4,v0.128.0 | 🚀 Features | 🐛 Bug Fixes | 🧰 Maintenance,no,no,yes,no,no,yes,github_release,https://github.com/SigNoz/signoz/releases/tag/v0.127.0,v0.127.0,58.61,4,46,3938,v0.127.0 | 🚀 Features | 🐛 Bug Fixes | 🧰 Maintenance
73,144,kestra-io/kestra,https://github.com/kestra-io/kestra,27084,2620,Java,115347,develop,devops,10922,github_release,https://github.com/kestra-io/kestra/releases/tag/v1.3.23,v1.3.23,7,v1.3.23 | Changelog | 🚀 Features | 📘 Subtasks | 🐛 Bug Fixes | 🏭 Tests | Contributors,no,no,yes,no,no,yes,github_release,https://github.com/kestra-io/kestra/releases/tag/v1.3.23,v1.3.23,46.67,7,14,1577,v1.3.23 | Changelog | 🚀 Features | 📘 Subtasks | 🐛 Bug Fixes | 🏭 Tests | Contributors
74,146,trufflesecurity/trufflehog,https://github.com/trufflesecurity/trufflehog,26805,2467,Go,51291,main,security,4448,github_release,https://github.com/trufflesecurity/trufflehog/releases/tag/v3.95.5,v3.95.5,3,v3.95.5 | What's Changed | New Contributors,no,no,no,no,no,yes,github_release,https://github.com/trufflesecurity/trufflehog/releases/tag/v3.95.5,v3.95.5,34.65,3,23,3162,v3.95.5 | What's Changed | New Contributors
75,149,valkey-io/valkey,https://github.com/valkey-io/valkey,26162,1185,C,186921,unstable,database,13865,github_release,https://github.com/valkey-io/valkey/releases/tag/8.1.8,8.1.8,2,8.1.8 | Bug fixes,yes,no,yes,no,no,yes,github_release,https://github.com/valkey-io/valkey/releases/tag/9.1.0,9.1.0,72.7,4,10,999,9.1.0 | Security fixes | New Features and enhanced behavior | Bug Fixes
76,151,dapr/dapr,https://github.com/dapr/dapr,25831,2088,Go,201651,master,kubernetes,6874,github_release,https://github.com/dapr/dapr/releases/tag/v1.18.1,Dapr Runtime v1.18.1,12,Dapr Runtime v1.18.1 | Dapr 1.18.1 | Workflow event-timer reminders leak when the same event name is awaited repeatedly | Problem | Impact | Root Cause | Solution | Workflow sidecars become permanently unavailable after a configuration reload | Sidecars restart unnecessarily on operator configuration resyncs | Workflows hang in RUNNING when a child workflow completion crosses a ContinueAsNew boundary | Workflow concurrency limits are silently ignored when Dapr is installed via the Helm chart | Workflow actor ' ': ignoring run request for reminder 'new-event-...' because the workflow inbox is empty,yes,yes,yes,yes,yes,yes,github_release,https://github.com/dapr/dapr/releases/tag/v1.18.0,Dapr Runtime v1.18.0,139.24,77,407,88735,Dapr Runtime v1.18.0 | Dapr 1.18 | Acknowledgements | Highlights | WorkflowAccessPolicy | Workflow History Tamper Detection | Workflow History Context Propagation | Workflow Concurrency Limits | Graceful Stall on Oversized Workflow Payloads | Workflow External Event Timers | Jobs API is now Stable | HotReload is now GA | MCPServer Resource — Built-in Workflow Orchestration for MCP | Placement: Coalesce Window + Stable Scheduler Reload | Placement & Scheduler: Hard Anti-Affinity | Actor APIs: App-Initiated gRPC Streams | Sidecar Probe Defaults Tuned for Production | Sentry: Ed25519 Workload Identity Keys | Component Improvements | SDK Improvements | Go SDK | .NET SDK | Python SDK | Java SDK | JS SDK | Rust SDK | Breaking Changes / Deprecations | List of issues addressed in this release | Dapr Runtime | Dapr CLI | Components | General | Actors | PubSub | Metadata | Service Invocation | Jobs | Workflows | Miscellaneous/Testing | MCP | Pub/Sub | JavaScript SDK | Workflow | Documentation | Upgrading to Dapr 1.18 | Local Machine / Self-hosted | Kubernetes | Upgrading from previous version | Upgrade using the CLI | Upgrade using Helm
77,152,rancher/rancher,https://github.com/rancher/rancher,25679,3208,Go,177784,main,kubernetes,14674,github_release,https://github.com/rancher/rancher/releases/tag/v2.14.3-alpha3,v2.14.3-alpha3,5,v2.14.3-alpha3 | Images with -rc | Components with -rc | Min version components with -rc | Chart/KDM sources,no,no,yes,no,no,yes,github_release,https://github.com/rancher/rancher/releases/tag/v2.14.3-alpha2,v2.14.3-alpha2,38.78,5,6,1665,v2.14.3-alpha2 | Images with -rc | Components with -rc | Min version components with -rc | Chart/KDM sources
78,153,argotorg/solidity,https://github.com/argotorg/solidity,25657,6128,C++,84373,develop,blockchain;programming-language,26320,github_release,https://github.com/argotorg/solidity/releases/tag/v0.8.35,Version 0.8.35,5,Version 0.8.35 | Changelog | Language Features: | Compiler Features: | Bugfixes:,yes,yes,yes,yes,yes,yes,repo_file,https://raw.githubusercontent.com/argotorg/solidity/develop/docs/050-breaking-changes.rst,docs/050-breaking-changes.rst,156.64,13,59,20662,Semantic Only Changes | Semantic and Syntactic Changes | Explicitness Requirements | Deprecated Elements | Command-line and JSON Interfaces | Constructors | Functions | Conversions | Literals and Suffixes | Variables | Syntax | Interoperability With Older Contracts | Example
79,157,jenkinsci/jenkins,https://github.com/jenkinsci/jenkins,25460,9528,Java,172010,master,devops,38372,github_release,https://github.com/jenkinsci/jenkins/releases/tag/jenkins-2.569,2.569,5,2.569 | 🚀 New features and improvements | 🐛 Bug fixes | 👷 Changes for plugin developers | 👻 Maintenance,no,no,yes,no,no,yes,external_link_from_github_release,https://www.jenkins.io/changelog-stable/#v2.555.3,https://www.jenkins.io/changelog-stable/#v2.555.3,74.79,26,0,114734,LTS Changelog | 2.555.3 | 2.555.2 | 2.555.1 | 2.541.3 | 2.541.2 | 2.541.1 | 2.528.3 | 2.528.2 | 2.528.1 | 2.516.3 | 2.516.2 | 2.516.1 | 2.504.3 | 2.504.2 | 2.504.1 | 2.492.3 | 2.492.2 | 2.492.1 | 2.479.3 | 2.479.2 | 2.479.1 | 2.462.3 | 2.462.2 | 2.462.1 | 2.452.4
80,158,pulumi/pulumi,https://github.com/pulumi/pulumi,25319,1383,Go,284299,master,kubernetes,15573,github_release,https://github.com/pulumi/pulumi/releases/tag/v3.246.0,v3.246.0,6,v3.246.0 | 3.246.0 (2026-06-11) | Bug Fixes | Features | Improvements | Miscellaneous,no,no,yes,no,no,yes,repo_file,https://raw.githubusercontent.com/pulumi/pulumi/master/CHANGELOG.md,CHANGELOG.md,105,80,1754,250000,Changelog | 3.246.0 (2026-06-11) | Bug Fixes | Features | Improvements | Miscellaneous | 3.245.0 (2026-06-04) | 3.244.0 (2026-05-28) | 3.243.0 (2026-05-22) | 3.242.0 (2026-05-19) | 3.241.0 (2026-05-18) | 3.239.0 (2026-05-14) | 3.238.0 (2026-05-13) | 3.237.0 (2026-05-08) | 3.236.0 (2026-05-06) | 3.235.0 (2026-05-05) | 3.234.0 (2026-05-01) | 3.233.0 (2026-04-30) | 3.232.0 (2026-04-22) | 3.231.0 (2026-04-16) | 3.230.0 (2026-04-08) | 3.229.0 (2026-04-02) | 3.228.0 (2026-03-25) | 3.227.0 (2026-03-19) | 3.226.0 (2026-03-11) | 3.225.1 (2026-03-05) | 3.225.0 (2026-03-04) | 3.224.0 (2026-02-26) | 3.223.0 (2026-02-19) | 3.222.0 (2026-02-18) | 3.221.0 (2026-02-17) | 3.220.0 (2026-02-10) | 3.219.0 (2026-02-05) | 3.218.0 (2026-01-29) | 3.217.1 (2026-01-27) | 3.217.0 (2026-01-23) | 3.216.0 (2026-01-16) | 3.215.0 (2026-01-07) | 3.214.1 (2026-01-03) | 3.214.0 (2025-12-30) | 3.213.0 (2025-12-17) | 3.212.0 (2025-12-12) | 3.211.0 (2025-12-11) | 3.210.0 (2025-12-03) | 3.209.0 (2025-11-26) | 3.208.0 (2025-11-20) | 3.207.0 (2025-11-12) | 3.206.0 (2025-11-05) | 3.205.0 (2025-10-28) | 3.204.0 (2025-10-23)
81,159,zama-a-i/fhevm,https://github.com/zama-a-i/fhevm,25226,2033,Rust,130188,main,blockchain,4152,github_release,https://github.com/zama-a-i/fhevm/releases/tag/v0.13.1-0,v0.13.1-0,3,v0.13.1-0 | What's Changed | Other Changes,no,no,yes,no,no,yes,github_release,https://github.com/zama-a-i/fhevm/releases/tag/v0.13.0,v0.13.0,71.84,4,603,73570,v0.13.0 | What's Changed | Other Changes | New Contributors
82,165,taosdata/TDengine,https://github.com/taosdata/TDengine,24907,4999,C,1260047,main,cloud-native;database;monitoring,85319,github_release,https://github.com/taosdata/TDengine/releases/tag/ver-3.4.1.6,3.4.1.6,5,3.4.1.6 | Behavior change and compatibility | Enhancements | Fixes | What's Changed,yes,no,yes,no,no,yes,github_release,https://github.com/taosdata/TDengine/releases/tag/ver-3.4.0.0,3.4.0.0,111.99,7,460,49303,3.4.0.0 | Behavior change and compatibility | Features | Enhancements | Fixes | What's Changed | New Contributors
83,166,apache/skywalking,https://github.com/apache/skywalking,24834,6637,Java,178757,master,observability,8553,github_release,https://github.com/apache/skywalking/releases/tag/v10.4.0,"10.4.0 - GenAI Observability, Groovy-Free Runtime and Grafana Tempo Compatible",7,"10.4.0 - GenAI Observability, Groovy-Free Runtime and Grafana Tempo Compatible | Download | Notice | Project | OAP Server | UI | Documentation",no,yes,yes,no,yes,yes,repo_file,https://raw.githubusercontent.com/apache/skywalking/master/docs/en/changes/changes-6.x.md,docs/en/changes/changes-6.x.md,128.13,16,367,20517,6.6.0 | Project | Java Agent | OAP-Backend | UI | Document | 6.5.0 | 6.4.0 | Backend | 6.3.0 | 6.2.0 | 6.1.0 | 6.0.0-GA | 6.0.0-beta | Protocol | 6.0.0-alpha
84,167,clockworklabs/SpacetimeDB,https://github.com/clockworklabs/SpacetimeDB,24733,1007,Rust,87259,master,database,3479,github_release,https://github.com/clockworklabs/SpacetimeDB/releases/tag/v2.6.0,Release v2.6.0,8,"Release v2.6.0 | Features | Primary Key support for Views (Rust, TypeScript, and C#) | Performance & Correctness | Bug Fixes | What's Changed | ); | public static List MyPlayers(ViewContext ctx) => ...",yes,yes,yes,yes,yes,yes,github_release,https://github.com/clockworklabs/SpacetimeDB/releases/tag/v2.3.0,Release v2.3.0,157.61,14,73,10060,Release v2.3.0 | Features | First-party Godot SDK and Blackholio Tutorial | Faster WebSocket Transport with Batched Responses | HTTP/2 Backend Support | Vue `useProcedure` Hook | Unity 6 WebGL Compatibility | Commitlog Performance and Operations | Rust `DbContext` Generics | API Changes | Bug Fixes | Infrastructure | What's Changed | New Contributors
85,168,cilium/cilium,https://github.com/cilium/cilium,24533,3837,Go,521154,main,kernel;kubernetes;monitoring;networking;observability;security,43028,github_release,https://github.com/cilium/cilium/releases/tag/v1.19.5,1.19.5,12,1.19.5 | Docker Manifests | cilium | clustermesh-apiserver | docker-plugin | hubble-relay | operator-alibabacloud | operator-aws | operator-azure | operator-generic | operator | Summary of Changes,yes,yes,yes,yes,yes,yes,repo_file,https://raw.githubusercontent.com/cilium/cilium/main/vendor/go.opentelemetry.io/otel/CHANGELOG.md,vendor/go.opentelemetry.io/otel/CHANGELOG.md,175,80,1804,250000,Changelog | [Unreleased] | [1.44.0/0.66.0/0.20.0/0.0.17] 2026-05-27 | Added | Changed | Deprecated | Fixed | [1.43.0/0.65.0/0.19.0] 2026-04-02 | [1.42.0/0.64.0/0.18.0/0.0.16] 2026-03-06 | Removed | [1.41.0/0.63.0/0.17.0/0.0.15] 2026-03-02 | [1.40.0/0.62.0/0.16.0] 2026-02-02 | [1.39.0/0.61.0/0.15.0/0.0.14] 2025-12-05 | [1.38.0/0.60.0/0.14.0/0.0.13] 2025-08-29 | [0.59.1] 2025-07-21 | [1.37.0/0.59.0/0.13.0] 2025-06-25 | [0.12.2] 2025-05-22 | [0.12.1] 2025-05-21 | Fixes | [1.36.0/0.58.0/0.12.0] 2025-05-20 | [1.35.0/0.57.0/0.11.0] 2025-03-05 | [1.34.0/0.56.0/0.10.0] 2025-01-17 | [1.33.0/0.55.0/0.9.0/0.0.12] 2024-12-12 | [1.32.0/0.54.0/0.8.0/0.0.11] 2024-11-08 | [1.31.0/0.53.0/0.7.0/0.0.10] 2024-10-11 | [1.30.0/0.52.0/0.6.0/0.0.9] 2024-09-09 | [1.29.0/0.51.0/0.5.0] 2024-08-23 | [1.28.0/0.50.0/0.4.0] 2024-07-02 | [1.27.0/0.49.0/0.3.0] 2024-05-21 | [1.26.0/0.48.0/0.2.0-alpha] 2024-04-24 | [1.25.0/0.47.0/0.0.8/0.1.0-alpha] 2024-04-05 | [1.24.0/0.46.0/0.0.1-alpha] 2024-02-23 | [1.23.1] 2024-02-07 | [1.23.0] 2024-02-06 | [1.23.0-rc.1] 2024-01-18 | [1.22.0/0.45.0] 2024-01-17 | [1.21.0/0.44.0] 2023-11-16 | [1.20.0/0.43.0] 2023-11-10 | [1.19.0/0.42.0/0.0.7] 2023-09-28 | [1.19.0-rc.1/0.42.0-rc.1] 2023-09-14 | [1.18.0/0.41.0/0.0.6] 2023-09-12 | [1.17.0/0.40.0/0.0.5] 2023-08-28 | [1.16.0/0.39.0] 2023-05-18 | [1.16.0-rc.1/0.39.0-rc.1] 2023-05-03 | [1.15.1/0.38.1] 2023-05-02 | [1.15.0/0.38.0] 2023-04-27 | [1.15.0-rc.2/0.38.0-rc.2] 2023-03-23 | [1.15.0-rc.1/0.38.0-rc.1] 2023-03-01 | [1.14.0/0.37.0/0.0.4] 2023-02-27 | [1.13.0/0.36.0] 2023-02-07
86,169,radareorg/radare2,https://github.com/radareorg/radare2,24136,3257,C,198670,master,security,36115,github_release,https://github.com/radareorg/radare2/releases/tag/6.1.6,6.1.6,6,6.1.6 | Release Notes | Highlights | Authors | Changes | radare2-6.1.6/sys/install.sh,no,yes,yes,no,yes,yes,github_release,https://github.com/radareorg/radare2/releases/tag/6.1.6,6.1.6,73.28,6,405,22027,6.1.6 | Release Notes | Highlights | Authors | Changes | radare2-6.1.6/sys/install.sh
87,174,dolthub/dolt,https://github.com/dolthub/dolt,23469,806,Go,184835,main,database,31166,github_release,https://github.com/dolthub/dolt/releases/tag/v2.1.8,2.1.8,11,2.1.8 | Merged PRs | dolt | go-mysql-server | vitess | Closed Issues | An example of the bad join is: | plan | (17 rows) | The more optimal plan uses a HashJoin | └─ columns: [s_i_id s_quantity],no,yes,yes,no,yes,yes,github_release,https://github.com/dolthub/dolt/releases/tag/v2.1.8,2.1.8,96.67,11,22,6476,2.1.8 | Merged PRs | dolt | go-mysql-server | vitess | Closed Issues | An example of the bad join is: | plan | (17 rows) | The more optimal plan uses a HashJoin | └─ columns: [s_i_id s_quantity]
88,176,pubkey/rxdb,https://github.com/pubkey/rxdb,23233,1164,TypeScript,567484,master,database,14484,github_release,https://github.com/pubkey/rxdb/releases/tag/17.3.0,17.3.0,3,17.3.0 | RxDB Premium | Join RxDB:,yes,yes,yes,yes,yes,yes,repo_file,https://raw.githubusercontent.com/pubkey/rxdb/master/docs-src/docs/releases/10.0.0.md,docs-src/docs/releases/10.0.0.md,144.93,17,22,11696,10.0.0 | The main thing first | Other breaking changes | Primary key is required | Attachment data must be Blob or Buffer | Outgoing data is now readonly and deep-frozen | The in-memory plugin does no longer work. | What else is a breaking change? | New features | Composite primary key | For the future | You can help! | Discuss! | image: /headers/10.0.0.jpg | const pouch = myRxCollection.storageInstance.internals.pouch; | data.foo = bar; // This works! | };
89,178,argoproj/argo-cd,https://github.com/argoproj/argo-cd,23159,7337,Go,197812,master,devops;kubernetes,10884,github_release,https://github.com/argoproj/argo-cd/releases/tag/v3.5.0-rc1,v3.5.0-rc1,13,v3.5.0-rc1 | Quick Start | Non-HA: | HA: | Release Signatures and Provenance | Release Notes Blog Post | Upgrading | Changelog | Features | Bug fixes | Documentation | Dependency updates | Other work,yes,yes,yes,yes,yes,yes,repo_file,https://raw.githubusercontent.com/argoproj/argo-cd/master/CHANGELOG.md,CHANGELOG.md,175,80,1362,147237,Changelog | v2.4.8 (2022-07-29) | Bug fixes | Other changes | v2.4.7 (2022-07-18) | Other | v2.4.6 (2022-07-12) | Features | v2.4.5 (2022-07-12) | Security fixes | Potentially-breaking changes | v2.4.4 (2022-07-07) | v2.4.3 (2022-06-27) | v2.4.2 (2022-06-21) | v2.4.1 (2022-06-21) | v2.4.0 (2022-06-10) | Web Terminal In Argo CD UI | Access Control For Pod Logs & Web Terminal | Pod Logs UI | Known pod logs UI issue prior to 2.4.9 | OpenTelemetry Tracing Integration | Power PC and IBM Z Support | Other Notable Changes | v2.3.7 (2022-07-29) | Notes | v2.3.6 (2022-07-12) | v2.3.5 (2022-06-21) | v2.3.4 (2022-05-18) | v2.3.3 (2022-03-29) | v2.3.2 (2022-03-22) | v2.3.1 (2022-03-10) | v2.3.0 (2022-03-05) | Argo CD ApplicationSet and Notifications are now part of Argo CD | New sync and diff strategies | ARM Images | Compact Tree View And Click Application Navigation | Upgraded Config Management Tools | Bug Fixes and Performance Enhancements | v2.2.12 (2022-07-29) | v2.2.11 (2022-07-12) | v2.2.10 (2022-06-21) | v2.2.9 (2022-05-18) | v2.2.8 (2022-03-22) | Special notes | Changes | Bug Fixes | v2.2.7 (2022-03-08) | v2.2.6 (2022-03-06) | v2.2.5 (2022-02-04) | v2.2.4 (2022-02-03)
90,180,beekeeper-studio/beekeeper-studio,https://github.com/beekeeper-studio/beekeeper-studio,23040,1548,TypeScript,122912,master,database,9442,github_release,https://github.com/beekeeper-studio/beekeeper-studio/releases/tag/v5.8.0,Release v5.8.0,9,Release v5.8.0 | Highlights | Lowlights | Smaller Improvements | Bug Fixes | Security | Under the Hood | Thank You to Our Contributors! | PR Merge List,yes,yes,yes,yes,yes,yes,github_release,https://github.com/beekeeper-studio/beekeeper-studio/releases/tag/v5.8.0,Release v5.8.0,136.29,9,37,10949,Release v5.8.0 | Highlights | Lowlights | Smaller Improvements | Bug Fixes | Security | Under the Hood | Thank You to Our Contributors! | PR Merge List
91,183,timescale/timescaledb,https://github.com/timescale/timescaledb,22920,1109,C,59113,main,database,6735,github_release,https://github.com/timescale/timescaledb/releases/tag/2.28.0,2.28.0 (2026-06-16),1,2.28.0 (2026-06-16),no,no,yes,no,no,yes,repo_file,https://raw.githubusercontent.com/timescale/timescaledb/main/CHANGELOG.md,CHANGELOG.md,105,80,2178,250000,TimescaleDB Changelog | 2.28.0 (2026-06-16) | 2.27.2 (2026-06-02) | 2.27.1 (2026-05-19) | 2.27.0 (2026-05-12) | 2.26.4 (2026-04-28) | 2.26.3 (2026-04-14) | 2.26.2 (2026-04-07) | 2.26.1 (2026-03-30) | 2.26.0 (2026-03-24) | 2.25.2 (2026-03-03) | 2.25.1 (2026-02-17) | 2.25.0 (2026-01-29) | 2.24.0 (2025-12-03) | 2.23.1 (2025-11-13) | 2.23.0 (2025-10-29) | 2.22.1 (2025-09-30) | 2.22.0 (2025-09-02) | 2.21.4 (2025-09-25) | 2.21.3 (2025-08-12) | 2.21.2 (2025-08-05) | 2.21.1 (2025-07-22) | 2.21.0 (2025-07-08) | 2.20.3 (2025-06-11) | 2.20.2 (2025-06-02) | 2.20.1 (2025-05-27) | 2.20.0 (2025-05-15) | 2.19.3 (2025-04-15) | 2.19.2 (2025-04-07) | 2.19.1 (2025-04-01) | 2.19.0 (2025-03-18) | 2.18.2 (2025-02-19) | 2.18.1 (2025-02-10) | 2.18.0 (2025-01-23) | 2.17.2 (2024-11-06) | 2.17.1 (2024-10-21) | 2.17.0 (2024-10-08) | 2.16.1 (2024-08-06) | 2.16.0 (2024-07-31) | 2.15.3 (2024-07-02) | 2.15.2 (2024-06-07) | 2.15.1 (2024-05-28) | 2.15.0 (2024-05-08) | 2.14.2 (2024-02-20) | 2.14.1 (2024-02-14) | 2.14.0 (2024-02-08) | 2.13.1 (2024-01-09) | 2.13.0 (2023-11-28) | 2.12.2 (2023-10-19) | 2.12.1 (2023-10-12)
92,185,PrefectHQ/prefect,https://github.com/PrefectHQ/prefect,22634,2341,Python,224694,main,observability,21651,github_release,https://github.com/PrefectHQ/prefect/releases/tag/3.7.5.dev5,3.7.5.dev5: Nightly Development Release,4,3.7.5.dev5: Nightly Development Release | What's Changed | Development & Tidiness 🧹 | Uncategorized,yes,yes,yes,yes,yes,yes,repo_file,https://raw.githubusercontent.com/PrefectHQ/prefect/main/.claude/skills/document-changes/SKILL.md,.claude/skills/document-changes/SKILL.md,169.38,20,81,9038,"Document Changes | Modes | Prerequisites | Workflow | 1. Determine the diff | 2. Extract public API surface changes | 3. Map changes to existing docs | 4. Produce output | Report mode (local dev) | Documentation Changes Report | `docs/v3/concepts/flows.mdx` | `docs/v3/how-to-guides/workflows/retries.mdx` | Missing coverage | No changes needed | Edit mode (CI) | 5. Quality gate (edit mode only) | 6. Offer next steps (report mode only) | Important guidelines | git diff main...HEAD -- 'src/prefect/' 'src/integrations/' | `docs/v3/get-started/quickstart.mdx` — references checked, all current"
93,186,jhipster/generator-jhipster,https://github.com/jhipster/generator-jhipster,22418,4183,TypeScript,192647,main,kubernetes,60725,github_release,https://github.com/jhipster/generator-jhipster/releases/tag/v9.1.0,v9.1.0,22,"v9.1.0 | What's changed | 🌟 Highlights | 🍃 Spring Boot and security | 🅰️ Angular | ⚛️ React | 🟩 Vue | 🧩 Internal improvements | 🤖 a-i and generator workflow | 📊 By the numbers | 🔧 More changes | 🔧 Core generator and templates | 🖥️ Frontend | 🧪 Testing and CI | 🐾 JDL, internals, and blueprints | 🔬 Code quality | 🪶 Maven | 🐘 Gradle | 📦 Dependency updates | 📦 Install | 🙏 Contributors | npm install -g generator-jhipster@9.1.0",yes,yes,yes,yes,yes,yes,external_link_from_github_release,https://github.com/jhipster/generator-jhipster/releases/tag/v9.0.0-beta.1,https://github.com/jhipster/generator-jhipster/releases/tag/v9.0.0-beta.1,145.0,28,0,233380,"Navigation Menu | Search code, repositories, users, issues, pull requests... | Provide feedback | Saved searches | Use saved searches to filter your results more quickly | Uh oh! | v9.0.0-beta.1 | Choose a tag to compare | Sorry, something went wrong. | No results found | ⚠️ DEPRECATED | What's Changed | 🌟 Highlights | Spring Boot | Angular | Internal Improvements | 📊 By the Numbers | 🔧 Key Technical Changes | Frontend | Backend | Generator Architecture (Internal) | 🧹 Cleanup & Modernization | 🔗 Migration Notes | 📝 Full Changelog | 🙏 Contributors | Contributors | Footer | Footer navigation"
94,189,getsops/sops,https://github.com/getsops/sops,22131,1038,Go,146682,main,devops;security,2615,github_release,https://github.com/getsops/sops/releases/tag/v3.13.1,v3.13.1,25,"v3.13.1 | Installation | Download the binary | Move the binary in to your PATH | Make the binary executable | Verify checksums file signature | Download the checksums file, certificate and signature | Verify the checksums file | Verify binary integrity | Verify the binary using the checksums file | Verify artifact provenance | Download the metadata file | Verify the provenance of the artifact | Container Images | GitHub Container Registry | Quay.io | Verify container image signature | Verify container image provenance | Software Bill of Materials | What's Changed | chmod +x /usr/local/bin/sops | certificate-oidc-issuer=https://token.actions.githubusercontent.com | sha256sum -c sops-v3.13.1.checksums.txt --ignore-missing | source-tag v3.13.1 | o text",no,no,yes,no,no,yes,repo_file,https://raw.githubusercontent.com/getsops/sops/main/CHANGELOG.md,CHANGELOG.md,103.3,38,377,56900,Changelog | 3.13.1 | 3.13.0 | 3.12.2 | 3.12.1 | 3.12.0 | 3.11.0 | 3.10.2 | 3.10.1 | 3.10.0 | 3.9.4 | 3.9.3 | 3.9.2 | 3.9.1 | 3.9.0 | 3.8.1 | 3.8.0 | 3.7.3 | 3.7.2 | 3.7.1 | 3.7.0 | 3.6.1 | 3.6.0 | 3.5.0 | 3.4.0 | 3.3.1 | 3.3.0 | 3.2.0 | 3.1.1 | 3.1.0 | 3.0.5 | 3.0.3 | 3.0.1 | 3.0.0 | 2.0.0 | 1.14 | 1.13 | 1.12
95,190,RustPython/RustPython,https://github.com/RustPython/RustPython,22124,1443,Rust,97772,main,compiler,16838,repo_file,https://raw.githubusercontent.com/RustPython/RustPython/main/Lib/idlelib/HISTORY.txt,Lib/idlelib/HISTORY.txt,9,IDLE History from Python 1.5.2 to 2.1 | What's New in IDLEfork 0.8.1? | What's New in IDLEfork 0.7.1? | IDLEfork 0.7.1 - 29 May 2000 | IDLE 0.5 - February 2000 - Release Notes | New in IDLE 0.5 (2/15/2000) | New in IDLE 0.4 (4/7/99) | New in IDLE 0.3 (2/17/99) | New in IDLE 0.2 (1/8/99),no,no,yes,no,no,yes,repo_file,https://raw.githubusercontent.com/RustPython/RustPython/main/Lib/idlelib/News3.txt,Lib/idlelib/News3.txt,95.3,16,157,57130,Released after 2025-10-07 | Released on 2025-10-07 | Released on 2024-10-07 | Released on 2023-10-02 | Released on 2022-10-24 | Released on 2021-10-04 | Released on 2020-10-05? | Released on 2019-10-14 | Released on 2018-06-27 | Released on 2016-12-23 | What's New in IDLE 3.5.0? | What's New in IDLE 3.4.0? | What's New in IDLE 3.3.0? | What's New in IDLE 3.2.1? | What's New in IDLE 3.1b1? | Refer to NEWS2x.txt and HISTORY.txt for information on earlier releases.
96,191,vectordotdev/vector,https://github.com/vectordotdev/vector,22054,2174,Rust,137826,master,cloud-native;monitoring;observability,13806,github_release,https://github.com/vectordotdev/vector/releases/tag/v0.56.0,v0.56.0,3,v0.56.0 | Release highlights | Breaking Changes,yes,no,yes,no,no,yes,repo_file,https://raw.githubusercontent.com/vectordotdev/vector/master/changelog.d/README.md,changelog.d/README.md,85.57,9,10,3858,Overview | Process | Pull Requests | Fragment conventions | Fragment types | Fragment contents | Breaking changes | Community Contributors | Example
97,192,goauthentik/authentik,https://github.com/goauthentik/authentik,22053,1662,Python,650952,main,kubernetes;proxy;security,22499,github_release,https://github.com/goauthentik/authentik/releases/tag/version/2026.5.3,Release 2026.5.3,2,Release 2026.5.3 | What's Changed,yes,yes,yes,yes,yes,yes,external_link_from_github_release,https://docs.goauthentik.io/docs/releases/2026.5#fixed-in-202653,https://docs.goauthentik.io/docs/releases/2026.5#fixed-in-202653,145.0,80,0,250000,Release 2026.5 | Highlights ​ | Breaking changes ​ | Listening on multiple IPs ​ | New features and improvements ​ | Account Lockdown: Enterprise ​ | Conditional access: Enterprise ​ | Tap-to-login Secure Enclave support: Enterprise ​ | 2FA attempt throttling ​ | Import hashed passwords ​ | Command Palette ​ | WebAuthn Client Hints support ​ | AKQL is now open source ​ | OAuth2 configurable grant types ​ | Improved UI and accessibility ​ | Form accessibility ​ | Modal accessibility ​ | Wizard improvements ​ | Mobile and tablet improvements ​ | Login improvements ​ | Small general improvements ​ | Performance improvements ​ | New out-of-the-box experience ​ | New integration guides ​ | Integration guide updates ​ | Upgrading ​ | Docker Compose ​ | Kubernetes ​ | Minor changes/fixes ​ | Fixed in 2026.5.1 ​ | Fixed in 2026.5.2 ​ | Fixed in 2026.5.3 ​ | API Changes ​ | authentik (v 2026.5.0) ​ | What's New ​ | POST /core/users/{id}/set_password_hash/ ​ | POST /core/users/account_lockdown/ ​ | GET /endpoints/agents/psso/ise/ ​ | POST /endpoints/agents/psso/ise/ ​ | GET /endpoints/agents/psso/ise/{uuid}/ ​ | PUT /endpoints/agents/psso/ise/{uuid}/ ​ | DELETE /endpoints/agents/psso/ise/{uuid}/ ​ | PATCH /endpoints/agents/psso/ise/{uuid}/ ​ | GET /endpoints/agents/psso/ise/{uuid}/used_by/ ​ | GET /endpoints/google_chrome/connectors/ ​ | POST /endpoints/google_chrome/connectors/ ​ | GET /endpoints/google_chrome/connectors/{connector_uuid}/ ​ | PUT /endpoints/google_chrome/connectors/{connector_uuid}/ ​ | DELETE /endpoints/google_chrome/connectors/{connector_uuid}/ ​ | PATCH /endpoints/google_chrome/connectors/{connector_uuid}/ ​
98,194,thingsboard/thingsboard,https://github.com/thingsboard/thingsboard,21914,6351,Java,359668,master,big-data,27696,github_release,https://github.com/thingsboard/thingsboard/releases/tag/v4.3.1.2,ThingsBoard 4.3.1.2 Release,7,ThingsBoard 4.3.1.2 Release | What's Changed | Security | Core & Rule Engine | UI | Transport | Edge,no,yes,yes,no,yes,yes,github_release,https://github.com/thingsboard/thingsboard/releases/tag/v4.3.1.2,ThingsBoard 4.3.1.2 Release,106.58,7,57,7831,ThingsBoard 4.3.1.2 Release | What's Changed | Security | Core & Rule Engine | UI | Transport | Edge
99,197,dgraph-io/dgraph,https://github.com/dgraph-io/dgraph,21700,1592,Go,663858,main,database,6500,github_release,https://github.com/dgraph-io/dgraph/releases/tag/v25.3.5,v25.3.5,2,v25.3.5 | What's Changed,yes,yes,yes,yes,yes,yes,repo_file,https://raw.githubusercontent.com/dgraph-io/dgraph/main/CHANGELOG.md,CHANGELOG.md,175,78,2627,249879,Changelog | [v25.3.4] - 2026-05-11 | [v25.3.3] - 2026-04-21 | [v25.3.2] - 2026-04-13 | [v25.3.1] - 2026-04-01 | [v25.3.0] - 2026-03-05 | [v25.2.0] - 2026-01-28 | [v25.1.0] - 2025-12-04 | [v25.0.0] - 2025-01-16 | [v24.1.9] - 2026-05-11 | [v24.1.8] - 2026-04-21 | [v24.1.7] - 2026-04-13 | [v24.1.6] - 2026-04-01 | [v24.1.5] - 2024-12-30 | [v24.1.4] - 2024-12-19 | [v24.1.3] - 2024-12-17 | [v24.1.2] - 2024-12-16 | [v24.1.1] - 2024-12-15 | [v24.1.0] - 2024-12-11 | [v24.0.5] - 2024-11-05 | [v24.0.4] - 2024-10-08 | [v24.0.2] - 2024-08-16 | [v24.0.1] - 2024-07-30 | [v24.0.0] - 2024-06-06 | [23.1.1](https://github.com/dgraph-io/dgraph/compare/v23.1.0...v23.1.1) - 2024-04-26 | [v23.1.0] - 2023-08-17 | [v23.0.1] - 2023-07-09 | [v23.0.0] - 2023-05-08 | [v23.0.0-rc1] - 2023-04-11 | [v23.0.0-beta1] - 2023-03-01 | [v22.0.2] - 2022-12-16 | [v22.0.1] - 2022-11-10 | [v22.0.0] - 2022-10-21 | [21.03.2] - 2021-08-26 | [21.03.1] - 2021-06-16 | [21.03.0] - 2021-04-07 | [20.07.1] - 2020-09-17 | [20.03.5] - 2020-09-17 | [1.2.7] - 2020-09-21 | [20.07.0] - 2020-07-28 | [20.03.4] - 2020-07-23 | [1.2.6] - 2020-07-31 | [20.03.3] - 2020-06-02 | Security | [1.2.5] - 2020-06-02 | [20.03.2] - 2020-05-15 | [1.2.4] - 2020-05-15 | [20.03.1] - 2020-04-24 | [1.2.3] - 2020-04-24 | [20.03.0] - 2020-03-30
100,201,oxc-project/oxc,https://github.com/oxc-project/oxc,21625,1078,Rust,164745,main,compiler,18420,github_release,https://github.com/oxc-project/oxc/releases/tag/crates_v0.136.0,oxc crates_v0.136.0,6,oxc crates_v0.136.0 | 💥 BREAKING CHANGES | 🚀 Features | 🐛 Bug Fixes | ⚡ Performance | 📚 Documentation,yes,yes,yes,yes,yes,yes,repo_file,https://raw.githubusercontent.com/oxc-project/oxc/main/apps/oxlint/CHANGELOG.md,apps/oxlint/CHANGELOG.md,174.68,80,1147,109122,Changelog | [1.70.0] - 2026-06-15 | 🚀 Features | 🐛 Bug Fixes | ⚡ Performance | 📚 Documentation | [1.69.0] - 2026-06-08 | [1.68.0] - 2026-06-01 | [1.67.0] - 2026-05-26 | [1.66.0] - 2026-05-18 | [1.65.0] - 2026-05-15 | [1.64.0] - 2026-05-11 | 💥 BREAKING CHANGES | [1.63.0] - 2026-05-05 | 🛡️ Security | [1.62.0] - 2026-04-27 | [1.61.0] - 2026-04-20 | [1.60.0] - 2026-04-13 | [1.59.0] - 2026-04-06 | [1.58.0] - 2026-03-30 | [1.57.0] - 2026-03-24 | [1.56.0] - 2026-03-16 | [1.55.0] - 2026-03-12 | [1.54.0] - 2026-03-12 | [1.53.0] - 2026-03-11 | [1.52.0] - 2026-03-09 | [1.51.0] - 2026-03-02 | [1.50.0] - 2026-02-23 | [1.49.0] - 2026-02-19 | [1.48.0] - 2026-02-16 | [1.47.0] - 2026-02-12 | [1.44.0] - 2026-02-10 | [1.43.0] - 2026-02-02 | [1.42.0] - 2026-01-26 | [1.40.0] - 2026-01-19 | [1.39.0] - 2026-01-12 | [1.37.0] - 2026-01-05 | [1.36.0] - 2025-12-29 | [1.35.0] - 2025-12-22 | [1.34.0] - 2025-12-19 | [1.33.0] - 2025-12-15 | [1.32.0] - 2025-12-08 | [1.31.0] - 2025-12-01 | [1.30.0] - 2025-11-24 | [1.29.0] - 2025-11-17 | [1.27.0] - 2025-11-10 | [1.26.0] - 2025-11-05 | 🚜 Refactor | 🧪 Testing | [1.25.0] - 2025-10-30
